Site_ID,Habitat,Site_name,Owner,Permit_number,Plot_ID,Plot_name,Stream_width,Latitude,Longitude,Treatment_N,Treatment_P,Treatment_name,Date,Temperature,Precipitation,Stream_velocity,Visibility,Water depth,Replicate_nr,Sample_notes,Acarina,Aeshnidae,Amphiagrion_sp.,Amphipoda,Ampullaridae,Ancylidae,Anisoptera,Anomalopsychidae,Aphylla,Aphylla_sp.,Aphylla_teodorina,Apobaetis_sp.,Araneida,Argia_sp.,Askola_sp.,Baetidae,Belostomatidae,Biomphalaria_sp.,Brachycentridae,Caenidae,Calamoceratidae,Callibaetis_sp.,Calopterygidae,Ceratopogonidae,Chaoboridae,Chironomidae,Chromagrion_sp.,Cloedes_sp.,Coenagrionidae,Coleoptera,Collembola,Corbicula_sp.,Corbiculidae,Corduliidae,Corixidae,Corydalidae,Corydalus_sp.,Coryphaeschna_sp.,Culicidae,Curculionidae,Decapoda,Derallus_sp.,Diplodon_sp.,Diptera,Dixidae,Dolichopodidae,Dryopidae,Dytiscidae,Elmidae,Empididae,Ephemeridae,Ephemeroptera,Erythemis_sp.,Gelastocoridae,Gerridae,Glossosomatidae,Gomphidae,Gripopterygidae,Gryllidae,Gyrinidae,Hagenius_sp.,Hagenulopsis_sp.,Haliplidae,Hebridae,Helichopsychidae,Hetaerina_sp.,Heteroptera,Hirudinea,Hydrobiidae,Hydrobiosidae,Hydrometra_sp.,Hydrophilidae,Hydropsychidae,Hydroptilidae,Hymenoptera,Hyriidae,Idiataphe_amazonica,Insecta,Isotomidae,Lampyridae,Leptoceridae,Leptohyphidae,Leptonema_sp.,Leptophlebiidae,Lestidae,Libellulidae,Limnephilidae,Limnichidae,Limnocoris_sp.,Macromiidae,Macronema_sp.,Martarega_sp.,Megaloptera,Melanoides_tuberculatus,Mesoveliidae,Mesovelioidea_sp.,Miathyria_sp.,Micrathyria_sp.,Microcrustaceo,Mollusca,Naucoridae,Nectopsyche_sp.,Nepidae,Neurocordulia_sp.,Nonnothemis_sp.,Noteridae_males,Noteridae_males,Odonata,Odontoceridae,Oligochaeta,Ophiogomphus_sp.,Oplonaeschna_sp.,Ostracoda,Oxyethira_sp.,Palaemonidae,Paracloeodes_sp.,Perithemis_mooma,Perithemis_sp.,Perlidae,Phyllogomphoides_sp.,Physa_sp.,Physidae,Plecoptera,Pleidae,Polycentropodidae,Polymirtacyidae,Pomacea_sp.,Progomphus_sp.,Protoneuridae,Psephenidae,Psychodidae,Pyralidae,Ranatra_sp.,Rhagovelia_sp.,Scarabaeidae,Sciomyzidae,Simuliidae,Smicridea_sp.,Somatochlora_sp.,Sphaeriidae,Staphylinidae,Stratiomydae,Syrphidae,Tabanidae,Tanypodinae,Tanytarsini,Tauriphila_xiphea,Telebasis_sp.,Tetragoneuria_sp.,Tipulidae,Tramea_sp.,Traverhyphes_sp.,Trichoptera,Tricorythopsis_sp.,Tridactlidae,Turbellaria,Veliidae,Weberiella_sp.,Zygoptera
1,Deciduous forest,Veluwe1,Mark Rutte,20040706_Rutte1,1,Bridge Opaweg,1.25,52.272371,5.87284,0.5,0,N,5/8/2010,28,0,0.2,100,51,1,,8,,,,,,,,,,,,2,,,,1,6,,,,,,13,11,16,11,,,,,,,,,,,,1,,33,,,,,,,5,1,,,,,,2,,,,,,,,,,,,,,,,,1,,,,,8,,,,,,,,1,2,,,,,,,,69,,,,3,,,,,,,,,6,,,,,,,,,,1,,,,,,,,1,,,2,,,,,,,,,,,,,,,,,11,,1,,1,,,,,,,,,,
1,Coniferous forest,Veluwe1,Mark Rutte,20040706_Rutte1,1,Bridge Opaweg,1.25,52.272371,5.87284,0.5,0,N,5/8/2010,28,0,0.2,100,45,2,,9,1,,,,,,,,,,,2,,,1,2,,,3,,,,12,1,382,,,10,,,,,,,,,,,,8,,,,,,,2,,1,,,1,,,,,,,2,,,,,,,,4,,,,1,,,,,,,,2,,,,,,2,,,,,,,,,,,,,,,,,,,,,11,,,,,,,,,,,,,,,,,,,,,,,,,,,,,,,,,1,,2,,,6,,,,,,,,,,,,,,
1,Coniferous forest,Veluwe1,Mark Rutte,20040706_Rutte1,1,Bridge Opaweg,1.25,52.272371,5.87284,0.5,0,N,5/8/2010,28,0,0.2,100,36,3,,,,,,,,,,,,,,,,,,,,,,,,,,,,,,8,,,,,,,,,,,,,,,,,,,,,,,,,,,,,,,,,,,,126,,,,,,,,,,,,,,,,,,,,,,,,,,,,,,,,,,,,24,,,,,,,,,,,,,,,,,,,,,,,,,,,,,,,,,,,,,,,,,,,,,,,,,8,,,,,,,,,
1,Coniferous forest,Veluwe1,Mark Rutte,20040706_Rutte1,1,Bridge Opaweg,1.25,52.272371,5.87284,0.5,0,N,5/8/2010,28,0,0.2,100,20,4,,,,2,,4,,,,,,4,,,,,,3,13,,27,,,,,,79,,,6,,,,,,34,,,,,,,1,,,,,,24,1,,,,,,,,,,,,2,,,,,,,18,,7,,,8,,,,,,,,3,,,5,,8,,,,,,,,41,,,,,3,,,,,,1,3,18,,,3,,,5,,,,3,,,,,,,,,,,,2,,,,,,,,,,,,,,,,35,,,1,,,2,,,,,,,,
1,Coniferous forest,Veluwe1,Mark Rutte,20040706_Rutte1,1,Bridge Opaweg,1.25,52.272371,5.87284,0.5,0,N,5/8/2010,28,0,0.2,100,55,5,very muddy,,,,,,,,,,,,,,,,8,,,,,,,1,,,,,,,,,401,,,,,,,,,,,,,,,,,,,,,,,,,,,,,,,,,,,,,,,,,,,,,,,,,,,,,,,,,,,,,,984,,,,,,,,,,,,,,,,8,,,,,,,,,,,,,,,,,,,,,,,,,,,,,,,,,,,,,,,,,,,,,,,,,
1,Coniferous forest,Veluwe1,Mark Rutte,20040706_Rutte1,2,Landgoed De Meer,0.9,52.369521,5.875693,0,0.5,P,5/8/2010,28,0,0.2,100,33,1,,,,,,,,,,,,,,5,,,3,8,2,,18,,,,2,1,13,,,6,,,,,,,,,2,6,,84,,,,,,,,,,,,,,,,,,,,1,,,,,,,1,,,,,,,,,,,,,,,,,,4,,,,,,,,309,,,,,3,,,,,,,10,1,,,,,,,,,,,,,,,82,,,,,1,5,,,,,,,,,,,,,,,,,17,,,,,,,,,,,,,,
1,Coniferous forest,Veluwe1,Mark Rutte,20040706_Rutte1,2,Landgoed De Meer,0.9,52.369521,5.875693,0,0.5,P,5/8/2010,28,0,0.2,100,58,2,,,,,,,,,,,,,,,,,,,,,,,,,,8,787,,,,,,,,,,,,,,,,,,,,,,,,,,,,,,,,,,,,,,,,,,,,,,,,,,,,,,,,,,,,,,,,,,,,,,,,,,,,,,,,,,,,677,,,,,,,,,,,,,,,,,,,,,24,,,,,,,,,,,8,,,,,,,,,,,,,,,,,
1,Coniferous forest,Veluwe1,Mark Rutte,20040706_Rutte1,2,Landgoed De Meer,0.9,52.369521,5.875693,0,0.5,P,5/8/2010,28,0,0.2,100,48,3,,,,,,,,,,,,2,,,,,2,,,,2,,,,22,1,75,,,,,,,1,,,,,,,,24,,,,,,,,,,,,,,,,,,,,,,,,,,,,,,,,,,,,1,,,,1,,,,,,,,,,,,,100,,,,,,,,,,,,,36,,,,,,,,,,,,,,,,,,,,5,,,,,,,,,,,,,,,,,,7,,,,,,,,,,,,,,
1,Coniferous forest,Veluwe1,Mark Rutte,20040706_Rutte1,2,Landgoed De Meer,0.9,52.369521,5.875693,0,0.5,P,5/8/2010,28,0,0.2,100,41,4,,,2,,,,,,,,,,,2,,,,10,5,,,,,,1,,93,,,4,,,,,,,,,,,,61,,,,,,,8,,,,,,,,,,,,,,,,,,,,,,,,3,,,,,,,,,,,,,,,,,,,,,,27,,,,,,,2,,,,,2,15,,,,,,,,,,,,,,,,,,,,,,,,,,,,,,,,,2,,,,,3,,,,,,,,,,,,1,,
1,Coniferous forest,Veluwe1,Mark Rutte,20040706_Rutte1,2,Landgoed De Meer,0.9,52.369521,5.875693,0,0.5,P,5/8/2010,28,0,0.2,100,45,5,,,,,,,,,,,24,,,,,,16,,,,,,,,31,,866,,,,,,,,63,,,,,,,,,,,,,,,,,,,,,,,16,,,,,,,,,,,16,,,,8,,,,,,,,,,,,,,,,,,,,,,,,,,,,,,,,,,,,,,700,,,,,,,,,,,,,,,,,,,,,,,,,,,,,,205,,,,8,,,,,,,,,,,,,,,
1,Coniferous forest,Veluwe1,Mark Rutte,20040706_Rutte1,3,Tweebruggen,1.3,52.298632,5.885236,0,0,C,5/8/2010,28,0,0.2,100,36,1,,,,,,,,,,,,,,,,,,,31,,,,,,,,,,,,,,,,,,,,,,,,,,,,,,,,,,,,,,,,,,,,,,,,,,,,,,,,,,,,,,,,,,,,,,,,,,,,3606,,,,,,,,,,,,,,,,535,,,,,,,,,,,756,,,,,,,,,,,,,,,,,,,8,,,,,,,,,,,,,,,,,,,
1,Coniferous forest,Veluwe1,Mark Rutte,20040706_Rutte1,3,Tweebruggen,1.3,52.298632,5.885236,0,0,C,5/8/2010,28,0,0.2,100,38,2,,,8,,,,,,,,,,,,,,24,28,209,,39,,,,,,2516,,,114,,,,,,,,,,189,24,409,,,,,,,189,55,,,,,,,,16,,,24,,,,8,,,,,,,24,55,,,,,,,,31,,,,,,12,,,,142,,,,,,,,,,,48,,,,,31,87,,,91,,,,,,,,,,,118,,,8,,,,,,,,,,,,,,,,24,24,,,,24,,,,,,,,,,,,,,
1,Coniferous forest,Veluwe1,Mark Rutte,20040706_Rutte1,3,Tweebruggen,1.3,52.298632,5.885236,0,0,C,5/8/2010,28,0,0.2,100,29,3,,,,,,,,,,,,,,,,,401,,,,,,,,39,,520,,,,,,,,,,,,,,,,,,,39,,,,63,,,,,,,,16,,,,,,,,,,,,,,,,,,,,,,,,,,,,,,,,,,,,,8,,,,,8,,8,,,,,,,,,,,,,,,,,,,,,,,,,,,,,,,,,,,,,,,,,,,,24,,,,,102,,,,,31,,16,,
1,Coniferous forest,Veluwe1,Mark Rutte,20040706_Rutte1,3,Tweebruggen,1.3,52.298632,5.885236,0,0,C,5/8/2010,28,0,0.2,100,1,4,,,,,,,,,,,,,,,,,,,,,,,,,,,2,,,,,,,,,,,,,,,,,,,,,,,,,,,,,,,,,,,,,,,,,,,,,,,,,,,,,,,,,,,,1,,,,,,,,146,,,,,,,,,,,,,,,,,,,,,,,,,,,,,,,,,,,,,,,,,,,,,,,,,,,,,,,,,,,,,,,,,
1,Coniferous forest,Veluwe1,Mark Rutte,20040706_Rutte1,3,Tweebruggen,1.3,52.298632,5.885236,0,0,C,5/8/2010,28,0,0.2,100,30,5,,,,,,,,,,,,,,,,,,,,,,,,,2,,176,,,,,,,,,,,,,,,,,,,,,,,,,,,,,,,,,,,,,,,,,,,,,,,,,,,,,,,,,,,,,,,,,,,,4,,,,,,,,,,,,,,,,4,,,,,,,,,,,,,,,,,,,,,,,,,,,,,,,,,,,,,,,,,,,,,,,,,
1,Coniferous forest,Veluwe1,Mark Rutte,20040706_Rutte1,4,Hoge Veluwe,1.1,52.302569,5.858963,0.5,0.5,NP,5/8/2010,28,0,0.2,100,60,1,,,,,,,,,,,,,,,,,38,,,,,,,,,,39,,,1,,,,,,,,,,,,,,,,,,,,13,,,,,,,,1,,,,,,,,12,,,10,,,,,,,,,,,,,,,,5,,,,,,,,,,,,,,,,,8,,,,,,,,,15,,,,,,,,,,,,,,,,,,,,,,,,,,,1,,,,,,,,6,,,,,2,,,,,,,,,
1,Coniferous forest,Veluwe1,Mark Rutte,20040706_Rutte1,4,Hoge Veluwe,1.1,52.302569,5.858963,0.5,0.5,NP,5/8/2010,28,0,0.2,100,42,2,,,,,,,,,,,,,,,,,,,,,,,,,,,12,,,,,,,,,,,,,,,,,,,,,,,,,,,,,,,,,,,,,,,,,,,,,,,,,,,,,,,,,,,,,,,,,,,,,,,,,,,,,,,,,,,,,,,,,,,,,,,,,,,,,,,,,,,,,,,,,,,,,,,,,,,,,,,,,,,,,
1,Coniferous forest,Veluwe1,Mark Rutte,20040706_Rutte1,4,Hoge Veluwe,1.1,52.302569,5.858963,0.5,0.5,NP,5/8/2010,28,0,0.2,100,44,3,,,,,,,,,,,9,,,1,,,3,,,,,,,,,,4,,,,,,1148,,,,,,,,,3,,,,,,,,1,,,,,,,1,2,,,,,,,,,,,,5,,,,2,,,,,,,,,,,1,,,,,,,,,,287,,,,,,,,,,,,,2,,,12,,,,,,,,,,,1,,,,,,,,,,,,,,,,,,,,,,,,4,,,,,,,,,,,,,,
1,Coniferous forest,Veluwe1,Mark Rutte,20040706_Rutte1,4,Hoge Veluwe,1.1,52.302569,5.858963,0.5,0.5,NP,5/8/2010,28,0,0.2,100,38,4,,,,,,,,,,,,,,,,,,,,,,,,,,2,49,,,,,,,,,,,,,,,1,,,,,,,,,,,,,,,,,,,,,,,,,,,,,,,,,,,,,,,,,,,,,,,,,,,,,1,,,,,,,,,,,,,3,,,18,,,,,,,,,,,,,,,,,,,,,,,,,,,,,,,,,,,3,,,,,,,,,,,,,,
1,Coniferous forest,Veluwe1,Mark Rutte,20040706_Rutte1,4,Hoge Veluwe,1.1,52.302569,5.858963,0.5,0.5,NP,5/8/2010,28,0,0.2,100,31,5,,,,,,,,,,,,,,,,,,,,,,,,,,,133,,,,,,,,,,,,,,,,,,,,,,,,,,,,,,,,,,,,,,,,,,,,,,,,,,,,,,,,,,,,,,,,,,,,,,,,,,,,,,,,,,,,7,,,,,,,,,,,1,,,,,,,,,,1,,,,,,,,,,,1,,,,,,,,,,,,,,,,,
2,Deciduous forest,Spreewald1,Angela Merkel,20040508_Merkel1,5,Am Stein 2,1.3,51.888817,14.046064,0,0.5,P,10/8/2010,25,3,0.5,15,15,1,,,,,,,,,,1,,,,,,,,,,,,,,,,2,58,,,,,,3,,,,,,,,,,,,,,,,,,,,,,,,,,,,,,,,,,,,,,,,,,,,,,,,,,,,,,,,,,,,,,25,,,,,,,,,,,,,2,,,,,,,,,,,,,,,,,,,,,,,,,,,,,,,,,,,,,,2,,,,,,,,,,,,,,
2,Deciduous forest,Spreewald1,Angela Merkel,20040508_Merkel1,5,Am Stein 2,1.3,51.888817,14.046064,0,0.5,P,10/8/2010,25,3,0.5,15,57,2,,,,,,,,,,,,,,,,,,1,,,,,,,1,2,14,,,,,,,,,,,,,,1,6,,,,,,,,,,,,,,,,,,,,,,,,,,,,,,,,,,,,,,,,,,,,,,,,,,,,,50,,,,,,,,,,,,69,,,,1,,,,,,,,,,,,,,,,,,,,,,,,,,,,,,,,,,,,,,,,,,,,,,,,,
2,Deciduous forest,Spreewald1,Angela Merkel,20040508_Merkel1,5,Am Stein 2,1.3,51.888817,14.046064,0,0.5,P,10/8/2010,25,3,0.5,15,24,3,,,,,,,,,,,1,,,,,,5,,,,,,,1,13,,304,,,,,,,,1,,,,,1,,,,,,,,,,4,1,,,,,,,1,,,1,,,,,1,,,,,,,,2,,,,,,,,,,,,,1,,,,,,,,2,,,,,,,1,,,,,,,,,4,,,,,,,,,,,,,,,,,,,,,1,,,,,,,,,1,,,,,8,,,,,2,,,,,,,1,,
2,Deciduous forest,Spreewald1,Angela Merkel,20040508_Merkel1,5,Am Stein 2,1.3,51.888817,14.046064,0,0.5,P,10/8/2010,25,3,0.5,15,51,4,,,,,,,,,,,4,,,1,,,3,,,,,,,1,,,1,,,,,,,,,,,,,,,,,,,,,,,,,,,,,,,,,,,,,,,,,,5,,,,,,,,,,,,,,,,1,,,,,,,,,,471,,,,,,,,,,,,,,,,263,,,,,,,,,,,302,,,,,,,,,,7,,,,,,,,,,,,,,,,,,,,,,,,,,,,
2,Deciduous forest,Spreewald1,Angela Merkel,20040508_Merkel1,5,Am Stein 2,1.3,51.888817,14.046064,0,0.5,P,10/8/2010,25,3,0.5,15,45,5,,,1,,,,,,,,1,,,3,,,,,,,,,,,1,,306,,,,,,,,,,,,,,,,,,,,,,,,2,,,,,,,,,,,,,,,,,,,,,,1,,,,,,,,,,,,,,,,,,,,,,,,,,,,,,,,,,1,5,,,18,,,,,,,,,,,,,,,,,,,,,,,,,,,,,,,,,,,,,,,,,,,,,,,,,
2,Deciduous forest,Spreewald1,Angela Merkel,20040508_Merkel1,6,Willi Brandtstrasse,1.7,51.749563,14.069852,0.5,0.5,NP,10/8/2010,25,3,0.5,15,21,1,,,,,,,,,,,1,,,,,,26,,,,,,,10,3,,41,,,,,,,,,,,,,,,,,,,,,,,32,,,,,,,,10,,,,,,,,,,,,,,,,1,,,,,,,,1,1,,,,1,,,,,,,,,,,,,,,7,,,,,,,,,8,,,,,,,,,,,,,,,,,,,,,,,,,,,4,,,19,,,1,,14,,,,,3,,,,,,,,,
2,Deciduous forest,Spreewald1,Angela Merkel,20040508_Merkel1,6,Willi Brandtstrasse,1.7,51.749563,14.069852,0.5,0.5,NP,10/8/2010,25,3,0.5,15,18,2,,,,,,,,,,,,,,,,,,,,,,,,,,,3,,,,,,,,,,,,,,,5,,,,,,,,,,,,,,,,,,,,,,,,,,,,,,,,,,,,,,,,,,,,,,,,,,,,,139,,,,,,,,,,,,,,,,4,,,,,,,,,,,,,,,,,,,,,,,,,,,,,,,,,,,2,,,,,,,,,,,,,,
2,Deciduous forest,Spreewald1,Angela Merkel,20040508_Merkel1,6,Willi Brandtstrasse,1.7,51.749563,14.069852,0.5,0.5,NP,10/8/2010,25,3,0.5,15,24,3,,,,,,,,,,,,,,,,,,,,,,,,,,,2,,,,,,,,,,,,,,,,,,,,,,,,,,,,,,,,,,,,,,,,,,,,,,,,,,,,,,,,,,,,,,,,,,,,17,,,,,,,,,,,,,,,,,,,,,,,,,,,1,,,,,,,,,,,,,,,,,,,,,,,,,,,,,,,,,,,,,,
2,Deciduous forest,Spreewald1,Angela Merkel,20040508_Merkel1,6,Willi Brandtstrasse,1.7,51.749563,14.069852,0.5,0.5,NP,10/8/2010,25,3,0.5,15,12,4,,,,,,,,,,,,,,,,,18,,1,,,2,,,,,3,,,2,,,,,,,,,,,,,,,,,,,1,4,,,,,,,,1,,,3,,,,,89,,,,,1,,,1,,,,,,,,,,,,,,,,,,,,,,,,,,,,7,,,,,3,9,,,1,,,,,,,,,,,,,,,,,,,,,,,,,,,,,,,,,,,2,,,,,1,,,,,,,,,
2,Deciduous forest,Spreewald1,Angela Merkel,20040508_Merkel1,6,Willi Brandtstrasse,1.7,51.749563,14.069852,0.5,0.5,NP,10/8/2010,25,3,0.5,15,24,5,,,,,,,,,,,,,,,,,2,,,,2,,,,,,117,,,,,,,,2,,,,,,,,,,,,,,,,,,,,,,,,,,,,,,,,,,,,1,,,,,,,,,,,1,,,,,,,,,,,,,,,,,,,,,,,,,,,,,,,,,,,,,,,,,,,,,,,,,,,,,,,,,,,,,,,,9,,,,,,,,,,,,,,
2,Deciduous forest,Spreewald1,Angela Merkel,20040508_Merkel1,7,Zweibrücken,1.5,51.666,14.03659,0.5,0,N,10/8/2010,25,3,0.5,15,48,1,,,,,,,,,,,,,,,,,,,,,,,,,,,,,,,,,38,,,,,,,,,,,,,,,,,,,,,,,,,,,,,,,,,,,,,2,,,,,,,,,,,,,,,,,,,,,,,,,1235,,,,,,,3,,,,,,,,,,,,,,,,,,,,,,,,,,,,,,,,,,,,,,,,,,,,1,,,,,,,,,,,,,,
2,Deciduous forest,Spreewald1,Angela Merkel,20040508_Merkel1,7,Zweibrücken,1.5,51.666,14.03659,0.5,0,N,10/8/2010,25,3,0.5,15,48,2,,,,,,,,,,,,,,,,,1,,,,,,,,,1,7,,,,,,,,,,,,,,,16,,,,,,,,,,,,,,,,,,,,,,,,,,,,,2,,,,,,,,,,,,,,,,,,,,,,,,140,,,,,,,,,,,,,,,,,,,,,,,,,,,,,,,,,,,,,,,,,,,,,,,,,,,6,,,,,,,,,,,,,,
2,Deciduous forest,Spreewald1,Angela Merkel,20040508_Merkel1,7,Zweibrücken,1.5,51.666,14.03659,0.5,0,N,10/8/2010,25,3,0.5,15,9,3,,,,,,,,,,,,,,,,,,,1,,,,,,,,7,,,,,,,,,,,,,,,,,,,,,,,,,,,,,,,,,,,,,,,,,,,,,,3,,,,,,,,,,,,,,,,,,,,,,,,,,,,,,,,,,,,,,7,,,,,,,,,,,1,,,,,,,,,,,,,,,,,,,,,,15,,,,,,,,,,,,,,,,
2,Deciduous forest,Spreewald1,Angela Merkel,20040508_Merkel1,7,Zweibrücken,1.5,51.666,14.03659,0.5,0,N,10/8/2010,25,3,0.5,15,39,4,,,,,,,,,,,,,,,,,,,,,,,,,,8,10,,,,,,2,,,,,,,,,,,,,,,,,,,,,,,,,,,,,,,,,,,,,,,,,,,,,,,,,,,,,,,,,,,,,,330,,,,,,,,,,,,,,,,,,,,,,,,,,,,,,,,,1,,,,,,,,,,,,,,,,,,,,,,,,,,,,,,,,
2,Deciduous forest,Spreewald1,Angela Merkel,20040508_Merkel1,7,Zweibrücken,1.5,51.666,14.03659,0.5,0,N,10/8/2010,25,3,0.5,15,36,5,,,,,,,,2,,,,,,,,,1,1,,,,,,,,1,6,,,1,,,4,,,,,,,,,20,,,,,,,,,,,,,,,,,,,,,,,,,,,,,1,,,,,,,,,,,,,,2,,,,,,,,,,,,,,,,,,,,,,,,,,,,,,,,,,,,,,,,,,,,,,,,,,,,,,,,,,,,,10,,,,,,,,,,,,,,
2,Deciduous forest,Spreewald1,Angela Merkel,20040508_Merkel1,8,Schutzgraben,1.4,51.899853,14.002361,0,0,C,10/8/2010,25,3,0.5,15,48,1,,,,,,,,,,,2,,,,,,1,,,,,,,,,,947,,,,,,,,1,,,,,,,,,,,,,,,,,,,,,,,2,,,,,,,,,,,2,,,,1,1,,,,,,,,,,,,,,,,,,,,,1,,,,,,,,,,,,,,,,40,,,,,,,,,,,,,,,,,,,,,,,,,,,3,,,,,,,,84,,,,,,,,,,,,,,
2,Deciduous forest,Spreewald1,Angela Merkel,20040508_Merkel1,8,Schutzgraben,1.4,51.899853,14.002361,0,0,C,10/8/2010,25,3,0.5,15,42,2,,,,,,,,,,,,,,,,,4,,,,,,,,,,2,,,,,,,,,,,,,,,,,,,,,,,,,,,,1,,,,1,,5,,,,,,,,1,,,,,,,,,,,,,,,,,,,,,,,,,,152,,,,,,,,,,,,,,,,202,,,,,,,,,,,,,,,,,,,,,,,,,,,,,,,,,,,,,,,,,,,,,,,,,
2,Deciduous forest,Spreewald1,Angela Merkel,20040508_Merkel1,8,Schutzgraben,1.4,51.899853,14.002361,0,0,C,10/8/2010,25,3,0.5,15,42,3,,,,,,,,,,,1,,,,,,,,85,,,,,,,,46,,,1,,,,,,,,,,,,,,,,,,,,,,,,,,,2,1,,,,,,,,,,,,,,,,,,,,,,,,,,,,,,,,,,,,,,,,,,,,,,1,,,,,,,63,,,,,,,,,,,5,,,,,,,,,,,,,,,,,,,,,,,,20,,,,,,,,,,,,,,
2,Deciduous forest,Spreewald1,Angela Merkel,20040508_Merkel1,8,Schutzgraben,1.4,51.899853,14.002361,0,0,C,10/8/2010,25,3,0.5,15,51,4,,,,,,,,,,,6,,,2,,,1,,,,,,,,3,,166,,,,,,,,,,,,,,,,,,,,,,,4,,,,,,,,2,,,,,,,,,,,1,,1,,,,,,,,,,,,,,,,,,,,,,,,1,,,,,,,2,,,,,,,,,15,,,,,,,,,,,,,,,,,,,,,,,,,,,,,,,,,,,86,,,,,1,,,,,,,,,
2,Deciduous forest,Spreewald1,Angela Merkel,20040508_Merkel1,8,Schutzgraben,1.4,51.899853,14.002361,0,0,C,10/8/2010,25,3,0.5,15,36,5,,,,,,,,,,,,,,,,,,,,2,,,,,,,7,,,,,,,,,,,,,,,,,,,,,,1,19,,,,,,,,,,,,,,,,80,,,,,,,,,,,,,,,,,,,,1,,12,,,,,,,,,,,,,,1,,,,,,,,,,,,,,,,,,,,,,,3,,,,,,,,,,,,,,,,,,,,,3,,,,,1,,,,,,,,,
3,Mixed forest,Orleans forest,Charles De Gaulle,20050125_Gaul2,8,chemin forestier ,2,47.465848,2.117633,0.5,0.5,NP,13/8/2010,30,10,1.1,5,26,1,"after thunderstorm, very muddy",,,,,,,,,,3,,,,,,,,,,,,,,,,3,,,,,,23,,,,,,,,,,,,,,,,,1,,,,,,,,1,,,,,,,,,,,,,,,,,,,,,,,,,,,,,,,,,,,,,659,,,,,,,,,,,,,,,,,,,,,,,,,,,,,,,,,,,,,,,,,,,,,,,,,,,1,,,,,,,,,,,,,,
3,Mixed forest,Orleans forest,Charles De Gaulle,20050125_Gaul2,9,chemin forestier ,2,47.465848,2.117633,0.5,0.5,NP,13/8/2010,30,10,1.1,5,26,2,"after thunderstorm, very muddy",,,,,,,,,,,,,,,,,,,,,,,,,,330,,,,,,,,,,,,,,,,,,,,,,,,,,,,,,,,,2,,,,,,,,,2,,,,,,,,,,,,,,,,,,,,,,,,,,,,,,,,,,,,,,,,,,18,,,,,,,,,,,9,,,,,,,,,,,,,,,,,,,,,,,,,,,,,,,,,,,,,,
3,Mixed forest,Orleans forest,Charles De Gaulle,20050125_Gaul2,9,chemin forestier ,2,47.465848,2.117633,0.5,0.5,NP,13/8/2010,30,10,1.1,5,30,3,"after thunderstorm, very muddy",,,,,,,,,,4,,,,,,,,,,,,,,1,,17,,,,,,,,,,,,,,,,,,,,,,,,,,,,,,,,,,,,,,,,,,,,,,,,,,,,,,,,,,,,,1,,,,,,,,,,,,,,,,,,,,,,,513,,,,,,,,,,,1,,,,,,,,,,,,,,,,,1,,,,,,,,,,,,,,,,,,,,,
3,Mixed forest,Orleans forest,Charles De Gaulle,20050125_Gaul2,9,chemin forestier ,2,47.465848,2.117633,0.5,0.5,NP,13/8/2010,30,10,1.1,5,35,4,"after thunderstorm, very muddy",,,,,,,,,,,,,,,,,,,,,,,,6,,18,,,,,,,,,,,,,,,,,,,,,,,2,1,,,,,,,,,,,,,,,,,,,,,,,,,,,,,,,,,,,,,,,,,,,,4,,,,,,,,,,,,,,,,106,,,,,,,,,,,,,,,,,,,,,,,,,,,,,,,,,,,3,,,,,1,,,,,,,,,
3,Mixed forest,Orleans forest,Charles De Gaulle,20050125_Gaul2,9,chemin forestier ,2,47.465848,2.117633,0.5,0.5,NP,13/8/2010,30,10,1.1,5,16,5,"after thunderstorm, very muddy",,,,,,,,,,,,,,,,3,,,104,,,,,,,43,,,,5,,,,,,,,,,,,,,,,,,1,4,,,,,,,,,,,,,,,,178,,,,,,,,,5,,,,,,,,,,7,,3,48,,,,,,1,1,,,,,,,8,,,,,,,,,,,,,,,,,,2,,,,,,,,,,,,47,,,,,,,,,,,,,,14,,,,,1,,,,,,,,,
3,Mixed forest,Orleans forest,Charles De Gaulle,20050125_Gaul2,10,Rue de Bonaparte,1.5,47.475628,2.100123,0,0,C,13/8/2010,30,10,1.1,5,19,1,"after thunderstorm, very muddy",,,,,,,,,,,,,,,,,,,,,,,,,,3,,,,,,38,,,,,,,,,,,,,,,,,,,,,,,,,1,,,,,,,,1,,,5,,,,1,,,,,,,,,,,,,,,,,,,,,,163,,,,,,,2,,,,,,,,,,,,,,,,,,,,11,,,,,,,,,,,,,,,,,,,1,,,,,,,,,,,,,,,,,,,
3,Mixed forest,Orleans forest,Charles De Gaulle,20050125_Gaul2,10,Rue de Bonaparte,1.5,47.475628,2.100123,0,0,C,13/8/2010,30,10,1.1,5,40,2,"after thunderstorm, very muddy",,,,,,,,,,1,,,,,,,,,,,,,,,,2,,,,,,,,,,,,,,,,,,,,,,,,,,,,,,,,,,,,,,,,,,,,,,,,,,,,,,,,,,,,,,,,,,,,,,,,,,,,,,,,,,,,33,,,,,,,,,,,2,,,,,,,,,,,,,,,,,,,,,,,,,,,,,,,,,,,,,,
3,Mixed forest,Orleans forest,Charles De Gaulle,20050125_Gaul2,10,Rue de Bonaparte,1.5,47.475628,2.100123,0,0,C,13/8/2010,30,10,1.1,5,45,3,"after thunderstorm, very muddy",,,,,,,,,,3,,,,,,,,,,,,,,1,,10,,,,,,2,,,,,,,,,,,,,,,,,,,,,,,,,1,,,,,,,,,,,,,,,,,,,,,,,,,,,,,,,,,,,,,38,,,,,,,1,,,,,,,,,462,,,,,,,,,,,21,,,,,,,,,,7,,,,,,,,,14,,,,,1,,,,,,,,,,,,,,
3,Mixed forest,Orleans forest,Charles De Gaulle,20050125_Gaul2,10,Rue de Bonaparte,1.5,47.475628,2.100123,0,0,C,13/8/2010,30,10,1.1,5,56,4,"after thunderstorm, very muddy",,,,,,,,,,2,,,,,,,,,,3,,,,3,,16,,,,,,,,1,,,,,,,,,,,,,,,1,,,,,,,,3,,,,,,,,,,,,,,,,,3,,,,,1,,,,,,,2,,,,,,,,,,,,,,,2,,,,,,,,,5,,,,,,,,,,,1,,,,,,,,,,,,,,,,,,,2,,,,,3,,,,,,,,1,,,,,,
3,Mixed forest,Orleans forest,Charles De Gaulle,20050125_Gaul2,10,Rue de Bonaparte,1.5,47.475628,2.100123,0,0,C,13/8/2010,30,10,1.1,5,40,5,"after thunderstorm, very muddy",,,,,,,,,,,,,,,,,1,4,,1,,,,2,,79,,,2,1,,,,,,,,,,,16,,,,,,,14,,,,1,,,,,2,,,,,,1,,,,,,,,,2,,,,,,,,,,,,,,,34,,,,,,,194,,,,,,,,,,,,,,,,,,,,,,,,,,,,,,,,,,,,,,,,,,,,,,,,,,,13,,,,,,,,,,,,,,
3,Mixed forest,Orleans forest,Charles De Gaulle,20050125_Gaul2,11,Deux Ponts,1.2,47.460298,2.125873,0.5,0,N,13/8/2010,30,10,1.1,5,35,1,"after thunderstorm, very muddy",,,,,,,2,,,,,,,,,,,,,,,,,,,11,,,,,,,,,,,,,,,,,,,,,,,2,,,,,,,,,,,,,,,,37,,,,,,,,,,,,,4,,,20,1,,,,,,,,,,,1,,,,,,,,6,,,,,,,,,2,,,,,,,,,,,,,,,,,,,,,,1,,,,,,,,,,,,,,,,,,1,,,2,,,,,,2
3,Mixed forest,Orleans forest,Charles De Gaulle,20050125_Gaul2,11,Deux Ponts,1.2,47.460298,2.125873,0.5,0,N,13/8/2010,30,10,1.1,5,39,2,"after thunderstorm, very muddy",,,,,,,,,,,,,,,,,,,,,,,,1,,9,,,,,,30,,,,,,,,,,,,,,,,,1,,,,,,,,,,,,,,,,,,,,2,,,,,,,,,2,,,1,1,,,,,,,,,,,,70,,,,,16,,,,,,,,,4,,2,,,,,,,,,,,,,,,,,,,,,4,,,,,,,,,,,,,,,,,,,1,,,,,,,,,
3,Mixed forest,Orleans forest,Charles De Gaulle,20050125_Gaul2,11,Deux Ponts,1.2,47.460298,2.125873,0.5,0,N,13/8/2010,30,10,1.1,5,50,3,"after thunderstorm, very muddy",,,,,,,,,,1,,,,,,,,,,,,,,,,45,,,,,3,,,,,,,,,,28,,,,,,,,,,,,,,,,,,,,,,,,,,,,,,,1,,1,,,,,,,,,,,,,48,,,,,,,175,,,,,,,,,,,,,,,,26,,,,,,,,,,,4,,,,,,1,,,,,,,,,,,,,,,,,,8,,,,,,,,,,,,,,
3,Mixed forest,Orleans forest,Charles De Gaulle,20050125_Gaul2,11,Deux Ponts,1.2,47.460298,2.125873,0.5,0,N,13/8/2010,30,10,1.1,5,30,4,"after thunderstorm, very muddy",,,,,,,,,,,,,,,,1,,,,,,,,3,,60,,,2,,,,,,2,,,,,,22,,,,,,,1,,,,,,,1,,,,,,,,,,,,,1,,,,,,,,,,,,,,,,,,3,2,,,,,,,,,,,,,,,,,,,,,,,4,,,,,,,,,,,,,,,,,,,,,,1,,,,,,,,,,,,,12,,,,,1,,,,,,,,,
3,Mixed forest,Orleans forest,Charles De Gaulle,20050125_Gaul2,11,Deux Ponts,1.2,47.460298,2.125873,0.5,0,N,13/8/2010,30,10,1.1,5,46,5,"after thunderstorm, very muddy",,,,,,,,,,,,,,,,,1,,,,,,1,,,14,,,,,,,,,,,,,,,,,,,,,,,,,,,,,,,,,1,,,,,,,,,,,,,,,,,,,3,,,2,,,,,,,,,,,,,8,,,,,,,1,,,,,,,1,,20,,,,,,,,,,,13,,,,,,,,,,,,,,,,,,,,,,,,,,,,,,,,,,,,,,
3,Mixed forest,Orleans forest,Charles De Gaulle,20050125_Gaul2,12,Chateau,1.8,47.454589,2.112563,0,0.5,P,13/8/2010,30,10,1.1,5,29,1,"after thunderstorm, very muddy",,,,,,,,,,1,,,,,,,,,,,,,,4,,77,,,,,,2,,,9,,,,,,,,,,,,,,,,,,,,,,,,,,,,,,,,,,,,,,,,,,,,,,,,,,,,6,,,,,,,226,,,,,,,,,,,,,,,,10,,,,,,,,,,,,,,,,,3,,,,,,,,,,,,,,,,,,1,,,,,,,,,,,,,,
3,Mixed forest,Orleans forest,Charles De Gaulle,20050125_Gaul2,12,Chateau,1.8,47.454589,2.112563,0,0.5,P,13/8/2010,30,10,1.1,5,29,2,"after thunderstorm, very muddy",,,,,,,,,,,,,,,,,,,,,,,,,,7,,,,,,,,,,,,,,,,,,,,,,,,,,,,,,,,,,,,,,,,,,,,,,,,,,,,1,,,,,,,,,,,,,,,,,,,,,,,,,,,,,,,,2,,,,,,,,,,,,,,,,,,,,,,,,,,,,,,,,,,,,,,,,,,,,,,,,,
3,Mixed forest,Orleans forest,Charles De Gaulle,20050125_Gaul2,12,Chateau,1.8,47.454589,2.112563,0,0.5,P,13/8/2010,30,10,1.1,5,32,3,"after thunderstorm, very muddy",,,,,,,,,,,,,,,,,,,,,,,,,,7,,,,,,5,,,,,,,,,1,,,,,,,,,,,,,,,,2,,,,,,,,,,,,3,,,,,,,,,,,,1,,,,,,,,,,,,,12,,,,,,,,,,,,,,,,,,,,,,,,,,,3,,,,,,,,,,,,,,,,,,,,,,,,,,,,,,,,1,,,,,,
3,Mixed forest,Orleans forest,Charles De Gaulle,20050125_Gaul2,12,Chateau,1.8,47.454589,2.112563,0,0.5,P,13/8/2010,30,10,1.1,5,30,4,"after thunderstorm, very muddy",,,,,,,,,,,,,,,,,,,,,,,,,,,,,,,,,,,,,,,,,,,,,,,,,,,,,,,,,,,,,,,,,,,1,,,,,,,,,,,,,,,,,,,,,,,,,,,4,,,,,,,,,,,,,,3,,,,,,,,,,,,,,,,,,,,,,,,,,,,,,,,,,,,,,,,,,,,,,,,,,,
3,Mixed forest,Orleans forest,Charles De Gaulle,20050125_Gaul2,12,Chateau,1.8,47.454589,2.112563,0,0.5,P,13/8/2010,30,10,1.1,5,29,5,"after thunderstorm, very muddy",,,,,,,,,,,,,,,,,,,,,,,,,,5,,,,2,,,,,,,,,,,,,,,,,,,,,,,,,,,,,,,,,,,,,,,,,,,,,,,,3,,,4,,,,,,,,,,,,,,,,,,,,,,,,,,,1,,3,,,,,,,,,,,,,,,,,,,,,,,,,,,1,,,,,,,,,,,,,,,,11,,,,,,
1,Coniferous forest,Veluwe1,Mark Rutte,20040706_Rutte1,1,Bridge Opaweg,1.25,52.272371,5.87284,0.5,0,N,5/5/2011,16,4,0.3,90,65,1,,,,,,,,,,,,,,,,,,2,3,,,,,,,,14,,,,,,,,1,,,,,,,32,,,,,,,,,,,,,,,,,,,,,,,,,,,2,,,,,,,,,,,,,,,,,,5,95,,,,,,,492,,,,,,,,,,,,,,,,24,,,,,,,,,,,,,,,,,,,,,,,,,,,,,,,,,,,4,,,,,,,,,,,,,,
1,Coniferous forest,Veluwe1,Mark Rutte,20040706_Rutte1,1,Bridge Opaweg,1.25,52.272371,5.87284,0.5,0,N,5/5/2011,16,4,0.3,90,55,2,,,,,,,,,,,,,,,,,,,,,,,,,,,,,,,,,,,,,,,,,,,,,,,,,,,,,,,,,,,,,,,,,,,,,,,,,,,,,,,,,,,,,,,,,,,,,,,17,,,,,,,,,,,,,,,,,,,,,,,,,,,,,,,,,,,,,,,,,,,,,,,,,,,,,,,,,,,7,,,,,,
1,Coniferous forest,Veluwe1,Mark Rutte,20040706_Rutte1,1,Bridge Opaweg,1.25,52.272371,5.87284,0.5,0,N,5/5/2011,16,4,0.3,90,41,3,,,,,,,,,,,,,,,,,,,,,,,,,,,2,,,,,,,,,,,,,,,,,,,,,,,4,,,,,,,,,,,,,,,,15,,,,,,,,,,,,,,,,4,,,,,,,,,,,,,,,,,,,,1,,,,,,,,,,,,,,,,,,,,,,,,,,,,,,,,,,,,,,,,,,,,,,,,,,,,,,,,,,
1,Coniferous forest,Veluwe1,Mark Rutte,20040706_Rutte1,1,Bridge Opaweg,1.25,52.272371,5.87284,0.5,0,N,5/5/2011,16,4,0.3,90,40,4,,,,,,,,,,2,2,,,,,,,,,,,,,,,,1,,,,,,,,,,,,,,,2,,,,,,,,,,,,,,,,,,,,,,,,,,2,2,,,,,,,,,,,,,,,,2,,1,,,,,,,,1,,,,,,,1,,,,,,,4,,,,,,,,,,,,,,,,,,,,,,,,,,,,,,,,,,,,,,,,,,,,,63,,,,,,
1,Coniferous forest,Veluwe1,Mark Rutte,20040706_Rutte1,1,Bridge Opaweg,1.25,52.272371,5.87284,0.5,0,N,5/5/2011,16,4,0.3,90,60,5,,,,,,,,,,,,,,,,,,,,,,,,,,,1,,,,,,,,,,,,,,,,,,,,,,,,,,,,,,,,,,,,,,,,,,,2,,,,,,,,,,,,,2,,,,,,,,,,,,6,,,,,,,3,,,,,,,,,1,,,,,,,,,,,,,,,,,,,,,4,,,,,,,,,,,,,,,,,,,,,,,,,,,,
1,Coniferous forest,Veluwe1,Mark Rutte,20040706_Rutte1,2,Landgoed De Meer,0.9,52.369521,5.875693,0,0.5,P,5/5/2011,16,4,0.3,90,47,1,,,,,1,,,,,4,2,,,,,,15,3,5,,7,,,,1,,130,,,8,,,,,,,,,,,,12,,,,,,,,1,,,,,,,,11,,,,,,,,,,,1,,,,,,,,,,,,,,,,3,,,174,,,,,,,562,,,,,,,,,,,,,,,,5,,,,,,,,,,,11,,,,,,2,,,,,,,,,,,,,,,,,,50,,,,,,,,,,,,,,
1,Coniferous forest,Veluwe1,Mark Rutte,20040706_Rutte1,2,Landgoed De Meer,0.9,52.369521,5.875693,0,0.5,P,5/5/2011,16,4,0.3,90,55,2,,,,,,,,5,,,,,,,,,3,2,,,1,,,,3,,232,,,15,,,,,,,,,,,,89,,,1,,,,1,,,,,,,,,,,,,,,,,,,,,,,,,,,,,,,,,,,,,,1,18,,,,,,,,,,,,,,,,,,,,5,,,,,,,,,,,,,,,,,,,,,,,,,,1,,,,,,,,,,,,34,,,,,,,,,,,,,,
1,Coniferous forest,Veluwe1,Mark Rutte,20040706_Rutte1,2,Landgoed De Meer,0.9,52.369521,5.875693,0,0.5,P,5/5/2011,16,4,0.3,90,55,3,,,,,,,,,,,,,,,,,,,,,,,,,,,,,,,,,,,,,,,,,,,,,,,,,,,,,,,,,,1,,,,,,,,,,,,,,,,,,,,,,,,,,,,,,,,,,,,,,,,,,,,,,,,,,,,,28,,,,,,,,,,,,,,,,,,,,,,,,,,,,,,,,,,,,,,,,,,,,,,,,,
1,Coniferous forest,Veluwe1,Mark Rutte,20040706_Rutte1,2,Landgoed De Meer,0.9,52.369521,5.875693,0,0.5,P,5/5/2011,16,4,0.3,90,45,4,,,,,,,,,,,,,,,,,,,,,,,,,,,50,,,,,,1,,,,,,,,,,,,,,,,,,,,,,,,,,,,,,,,,,,,,,,,,,,,,,,,,,,,,,,1,,,,,,,979,,,,,,,,,,,,,,,,5,,,,,,,,,,,,,,,,,13,,,,,,,,,,,,,,,,,,,,,,,,,,,,,,,,
1,Coniferous forest,Veluwe1,Mark Rutte,20040706_Rutte1,2,Landgoed De Meer,0.9,52.369521,5.875693,0,0.5,P,5/5/2011,16,4,0.3,90,56,5,,,,,5,,,,,,2,,,,,,,1,,,,,,,,,2,,,,,,,,,,,,,,,,,,,,,,,,,,1,,,,,,,,,,,,2,,,,,,,,,,,,,,,,,,,,,,,,,,,,,,17,,,,,,,,,,,,,2,,,,,,,,,,,,,,,,,,,,,,,,,,,,,,,,,,,,,,,,,,,,,,19,,,,,,
1,Coniferous forest,Veluwe1,Mark Rutte,20040706_Rutte1,3,Tweebruggen,1.3,52.298632,5.885236,0,0,C,5/5/2011,16,4,0.3,90,41,1,,,,,,,,,,,,,,,,,,,,,,,,,,,1,,,,,,,,,,,,,,,,,,,,,,,,,,,,,,,,,,,,,,,,,,,,,,,,,,,,,,,,,,,,,,,,,,,,1,,,,,,,,,,,,,,,,5,,,,,,,,,,,,,,,,,,,,,,,,,,,,,,,,,,,,,,,,,,,,,,,,,
1,Coniferous forest,Veluwe1,Mark Rutte,20040706_Rutte1,3,Tweebruggen,1.3,52.298632,5.885236,0,0,C,5/5/2011,16,4,0.3,90,50,2,,,,,,,,,,,2,,,,,,,,,,,,,,,,2,,,,,,,,,,,,,,,,,,,,,,,,,,,,,,,,,,,,,,,,,,,,,,,,,,,,1,,,,,,1,,,,,,,,,,9,,,,,,,1,,,,,,,1,,3,,,,,,,,,,,,,,,,,,,,,,,,,,,,,,,,,,,,,,,,,,,,,,,,,1
1,Coniferous forest,Veluwe1,Mark Rutte,20040706_Rutte1,3,Tweebruggen,1.3,52.298632,5.885236,0,0,C,5/5/2011,16,4,0.3,90,41,3,,,,,,,,,,,3,,,,,,,,,,,,,,,,4,,,,,,1,,,,,,,,,,,,,,,,,,,,,,,,,,,,,,,,,,,,,,,,,,,,,,,,,4,,,2,,,,,,,,,,19,,,,,,,,,,,,,,,,,,,,,,,,,,,,,,,,,,,,,,,,,,,,,,,,,,,,,,,,,,,,,,,,,
1,Coniferous forest,Veluwe1,Mark Rutte,20040706_Rutte1,3,Tweebruggen,1.3,52.298632,5.885236,0,0,C,5/5/2011,16,4,0.3,90,39,4,,,,,,,,,,,,,,,,,,,,,,,,,,,5,,,,,,4,,,,,,,,,,,,,,,,,1,,,,,,,,1,,,,,,,,1,,,,,,,,,,,,,,,,3,,,,,,,,,,,,,,,,,,,,,,,,,,,,,2,,,,,,,,,,,,,,,,,,,,,,,,,,,,,,,,,,,,,,,,,,,,,,,,,
1,Coniferous forest,Veluwe1,Mark Rutte,20040706_Rutte1,3,Tweebruggen,1.3,52.298632,5.885236,0,0,C,5/5/2011,16,4,0.3,90,35,5,,,,,,,,,,,,,,,,,,,4,,,,,,,2,17,,,,,,,,,,,,,,,9,,,,,,3,,,,,,,,,,,,,,,,,,,,,,,,,,,,,,,,,,,,,2,,1,54,,,,,,,1080,,,,,,,,,,,,,,,,,,,,,,,,,,,,,,,,,,,,,,,,,,,,,,,1,,,,11,,,,,,,,,,,,,,
1,Coniferous forest,Veluwe1,Mark Rutte,20040706_Rutte1,4,Hoge Veluwe,1.1,52.302569,5.858963,0.5,0.5,NP,5/5/2011,16,4,0.3,90,56,1,,,,,,,,,,,,,,,,,,,2,,,,,,,,,,,,,,,,,,,,,,,,,,,,,,,,,,,,,,,,,,,,,,,,,,,,,,,,,,,,,,,,,,,,,,,,,,,,2,,,,,,,,,,,,,,,,,,,,,,,,,,,,,,,,,,,,,,,,,,,,,,,,,,,,,,,,,,,5,,,,,,
1,Coniferous forest,Veluwe1,Mark Rutte,20040706_Rutte1,4,Hoge Veluwe,1.1,52.302569,5.858963,0.5,0.5,NP,5/5/2011,16,4,0.3,90,49,2,,,1,,,,,4,,,,,,,,,10,1,,,,,,,3,,170,,,,,,,,,,,,,,,,,,1,,,,,11,,,1,,,,,4,1,,1,,,,,137,,,,,1,,1,3,25,,,,1,,,7,2,,1,,1,,1,,,,,,,,,,,,,11,,,,,,,1,,1,,,,,,,,,1,,,,,,,,,,,,,,,,,,,,,,,,,,,,,,,8,,,34,,,,,,4
1,Coniferous forest,Veluwe1,Mark Rutte,20040706_Rutte1,4,Hoge Veluwe,1.1,52.302569,5.858963,0.5,0.5,NP,5/5/2011,16,4,0.3,90,51,3,,,1,,,,,,,3,7,,,,,,,,2,,7,,,,,,42,,,1,2,,,,,1,,,,,,,,,,,,,1,,,1,6,,,,,3,,,,,,,,,,2,3,,,,1,,,,,,4,,,5,,,1,,1,,,,,,,,15,,,,,,,1,,,,,,,9,,22,,,,,,,,,,,,,,,,,,,,,,,,,,,,,,,,,,,3,,,,,,,,153,,,,,,
1,Coniferous forest,Veluwe1,Mark Rutte,20040706_Rutte1,4,Hoge Veluwe,1.1,52.302569,5.858963,0.5,0.5,NP,5/5/2011,16,4,0.3,90,43,4,,,,,,,,,,,,,,,,,,,,,,,,,,,1,,,,,,100,,,,,,,1,,1,,,,,,,,,,,,,,,,2,,,,,,,,,,,,39,,,,,1,,,,,,,,,,,,,,,,,,,,126,,,,,,,,,,,,,,1,,,,,,,,,,,,,7,,,,,,,,,,1,,,,,,,,,,,,,,,,,,,,,,2,,,,,,
1,Coniferous forest,Veluwe1,Mark Rutte,20040706_Rutte1,4,Hoge Veluwe,1.1,52.302569,5.858963,0.5,0.5,NP,5/5/2011,16,4,0.3,90,31,5,,,,,,,,,,,10,,,,,,7,1,1,,,,,,,,36,,,,,,,,,,,,,,,10,,,,,,,,,,,,,,,,3,,,,,,,,,,,,,,,,,,,,,,,,,,,1,,2,220,,,,,,,1271,,,,,,,,,,,,,,,,,,,,,,,,,,,11,,,,,,3,,,,,1,,,,,,,,,,,,,16,,,,,,,,,,,,,,
2,Deciduous forest,Spreewald1,Angela Merkel,20040508_Merkel1,5,Am Stein 2,1.3,51.888817,14.046064,0,0.5,P,30/4/2011,15,0,0.54,50,25,1,,,4,,,,,2,,,,,,,,,13,3,,,17,,,,25,1,428,,,10,,,,,,,,,,2,,84,,,,,,,,,,,,,,1,,6,,,,,,,,,,,,,,,7,,,,,,,,2,3,,,,,14,32,,,,,,,,,,,,,1117,,,,,,,,,,311,,,,,,,,,,,,,,,,,,,,,,,,,,,,,,,,,,,148,,,,,,,,,,,,1,,
2,Deciduous forest,Spreewald1,Angela Merkel,20040508_Merkel1,5,Am Stein 2,1.3,51.888817,14.046064,0,0.5,P,30/4/2011,15,0,0.54,50,39,2,,,,,,,,,,,,,,,,,,,,,,,,,,,3,,,,1,,,,,,,,,,,,,,5,,,,,,,,,,,,,,,,,,,,,,,,1,1,,,,,,2,,,9,,,,,,,,,,,,,,,,,,,,,,,,,,,,,,,,,,,,,,,,,,,235,,,,,,,,,,,,,,,,,,,,,,,,,,,,,,,,,,,,,,
2,Deciduous forest,Spreewald1,Angela Merkel,20040508_Merkel1,5,Am Stein 2,1.3,51.888817,14.046064,0,0.5,P,30/4/2011,15,0,0.54,50,28,3,,,,,,,,,,,,,,,,,1,,,,,,,,,,42,,,1,,,,,,,,,,,,8,,8,,,,,,,,,,,,,,,,,,,,,,,,,,,,,6,,,,,,,,2,,,,,,,,,,,,,,2101,,,,,,,,,,,,,3,,,3,,,,,,,,,,,,,,,,,9,,,,,,,,,,,,,,,,,,13,,,,,,,,,,,,,,
2,Deciduous forest,Spreewald1,Angela Merkel,20040508_Merkel1,5,Am Stein 2,1.3,51.888817,14.046064,0,0.5,P,30/4/2011,15,0,0.54,50,37,4,,,,,,,,,,,,,,,,,,1,,,,,,,,,,,,,,,,,,,,,,,,5,,,,,,,1,,,,,,,,,,,,,,,,,,,,,,,,,,,,,,,,,,,,,,,,,,,,,,30,,,,,,,,,1,,,,,,,,,,,,,,,,,,,,,,,,,,,,,,,,,,,,,,,,,,,,,,,,,,14,,,,,,
2,Deciduous forest,Spreewald1,Angela Merkel,20040508_Merkel1,5,Am Stein 2,1.3,51.888817,14.046064,0,0.5,P,30/4/2011,15,0,0.54,50,35,5,,,,,,,,,,,1,,,,,,,,,,,,,,2,,35,,,,,,2,,,,,,,1,,,,,,,,,,,,,,,,,,,,,,,,,,,,,5,,,,2,1,,,,,3,,,1,,,2,,,,,,,,,,,,,,,,,1,,,,,,,,,3,,,,,,,,,,,2,,,,,,,,,,,,,,,,,,,,,,,,,,,,,,,,,,,,62,,
2,Deciduous forest,Spreewald1,Angela Merkel,20040508_Merkel1,6,Willi Brandtstrasse,1.7,51.749563,14.069852,0.5,0.5,NP,30/4/2011,15,0,0.54,50,27,1,,,,,,,,,,2,4,,,,,,,,2,,,,,,1,,48,,,,,,9,,,,,,,,,,,1,1,,,,,,,,,,,,,2,,,,,,,,,,,4,22,,,,,,,,,2,1,,,,,,,1,,,,,,,,68,,,,,,,,,,,,,,,,17,,,,,,,,,,,143,,,,,,,,,,,,,,,,,,,,,,,,,,,,,,,,,,,,,,
2,Deciduous forest,Spreewald1,Angela Merkel,20040508_Merkel1,6,Willi Brandtstrasse,1.7,51.749563,14.069852,0.5,0.5,NP,30/4/2011,15,0,0.54,50,26,2,,1,,,,,,,,,,,,,,,,,47,,,,,,2,,24,,,,1,,120,,1,,,,,,,,,,,,,,1,1,,,,,,,,4,,,1,,,,,,,,1,,,,,,,,,,,,,32,1,,,,,,,,,,,,28,,,,,,,,,,,,,,,,14,,,,,,,,,,,7,,,,,,,,,,,,1,,,,,,,,,,,,4,,,,,,,,2,,,,,,1
2,Deciduous forest,Spreewald1,Angela Merkel,20040508_Merkel1,6,Willi Brandtstrasse,1.7,51.749563,14.069852,0.5,0.5,NP,30/4/2011,15,0,0.54,50,28,3,,,,,,,,,,,1,,,,,,3,,,,,,,1,,,30,,,,,,,,3,,,,,,,,,,2,,,,,12,1,,,,,,,1,,,2,,,,,,,,,,,,,3,5,,,,,1,,2,4,,,,2,,,,,,,,,,,,,,,1,,,,,,,,,36,,,3,,,,,,,,,,1,,,,,,,,,1,,,,,1,,,,,,,,,,,,,4,,,4,,,,,,
2,Deciduous forest,Spreewald1,Angela Merkel,20040508_Merkel1,6,Willi Brandtstrasse,1.7,51.749563,14.069852,0.5,0.5,NP,30/4/2011,15,0,0.54,50,24,4,,,,,,,,,,,,,,,2,12,3,,,,,,,5,5,,78,,6,7,1,,,,1,,1,1,,,,,,,2,,,,2,15,,,3,,,2,,2,,,,,2,,,194,27,,7,,,,,3,17,,,,,,,5,,,,,,,,25,,,,,,,,,,,,9,,,,,,,1,4,,2,2,,3,,,,2,,,,,,2,,,,4,,1,,1,,1,,,,,1,,,,,,8,20,,,,10,,,67,,,,,,
2,Deciduous forest,Spreewald1,Angela Merkel,20040508_Merkel1,6,Willi Brandtstrasse,1.7,51.749563,14.069852,0.5,0.5,NP,30/4/2011,15,0,0.54,50,28,5,,,,,,,,,,,6,,,,,,8,4,1,,7,,,,3,12,208,,,8,,,,,,4,,,,10,,,,,16,,,,5,,,,34,,,1,,,,,,2,,,,,,,23,,,,,5,2,,,,,,,27,,,44,,5,,,,,5,,,238,9,,,,,,2,,,,,9,12,1,,28,,,,,55,,,,,,,,,9,1,,,1,5,,,1,,,,,,,,,,,,1,62,,,,,,,,143,,,,3,,
2,Deciduous forest,Spreewald1,Angela Merkel,20040508_Merkel1,7,Zweibrücken,1.5,51.666,14.03659,0.5,0,N,30/4/2011,15,0,0.54,50,36,1,,,,,,,2,1,,,15,,3,,,,10,,,,,,1,,1,,3,,,,2,,39,,,,,,,,,,,,,,,,,11,,,,,,,,,,,,,,,,8,2,,3,166,,,,,,,,,,,,1,1,,,,,,,,,,1,,573,,,,,,,4,3,,2,,,,1,,17,,,,,15,,,,,2,5,,,,,,,,4,,,,,1,,,,1,,,,,,,4,,,,,1,,3,6,,,,,,
2,Deciduous forest,Spreewald1,Angela Merkel,20040508_Merkel1,7,Zweibrücken,1.5,51.666,14.03659,0.5,0,N,30/4/2011,15,0,0.54,50,36,2,,,,,11,,,,,,3,,,,,,,6,2,,4,,,,2,,54,,,1,,,,,1,7,,,,,,,,,2,,,,9,,,,8,,,,,2,,,,,,,,,,,,,,,,,,,,,,,,17,,,2,,1,,,,,,,,328,,,,,,,,,1,,,34,27,,,,,,,,13,,,,,,19,,,,,,,,,,,,,,,,,,,,,,,,28,,,,,,,,55,,,,,,
2,Deciduous forest,Spreewald1,Angela Merkel,20040508_Merkel1,7,Zweibrücken,1.5,51.666,14.03659,0.5,0,N,30/4/2011,15,0,0.54,50,23,3,,,,,,,,,,,1,,,,,,,,,,7,,,,,107,13,,,1,2,,,,2,,,,,1,,,,,3,,,,,,,,,,,,,,,,,,,,,,,,1,,,,3,,,,,,,,,5,,,4,,4,,,,,,,,,,,,,,,,,,,,,1,,,3,,,,,6,,,,,,,,,1,,,,,,,,,,,,,,,,,,,,1,,3,,,,,,,44,,,,,,
2,Deciduous forest,Spreewald1,Angela Merkel,20040508_Merkel1,7,Zweibrücken,1.5,51.666,14.03659,0.5,0,N,30/4/2011,15,0,0.54,50,33,4,,,,,,,,,,,,,,,,,,,5,,,,,1,,,508,,,4,,,,,6,,,,,,,,,,,,,,,4,,,,,,,,2,,,,,,,,,,,229,7,,,6,15,,,,,,,,,,,,,2,,,,,,,,3,,,,,,,,,,,,,,1,,2708,,,,,,,,,,,12,,,,,,,,,,2,,,,,,,,,,,,,,,,,,,5,,,,,,,,15,
2,Deciduous forest,Spreewald1,Angela Merkel,20040508_Merkel1,7,Zweibrücken,1.5,51.666,14.03659,0.5,0,N,30/4/2011,15,0,0.54,50,32,5,,,,,,,16,,,,1,,,,,,42,,,,,,,4,5,,524,,24,,1,,35,,3,,,,,1,,,,,2,,,,4,5,,,,,,,,1,,,,,,,,,,,30,,,,36,,,,,,5,3,,1,,,4,,,,,,,,2,,,,,1,,,,1,,,,,,,,,418,,,93,,,7,,,,,26,,,,,,,1,,,,4,,,,,1,,,,,,,,28,,,,,,,,4,,,,2,,
2,Deciduous forest,Spreewald1,Angela Merkel,20040508_Merkel1,8,Schutzgraben,1.4,51.899853,14.002361,0,0,C,30/4/2011,15,0,0.54,50,36,1,,,,,,,21,,,,4,,,,,,,,43,,,,,,,,10,,2,,,,119,,,,,,,1,,,,,2,,,,,1,,,,,,,,,,,,,,,,,,,13,100,,,,,,,,,,,,,,,1,,,,,,,,,,277,,,,,,,,,1,3,,,,6,,3503,,,,,,,,,,1,279,,,,,,,,,,1,1,,,,,1,,,,1,,,,5,,,,,2,,,5,,,,,,
2,Deciduous forest,Spreewald1,Angela Merkel,20040508_Merkel1,8,Schutzgraben,1.4,51.899853,14.002361,0,0,C,30/4/2011,15,0,0.54,50,34,2,,,,,,,,,,,1,,,,,,4,1,6,,,,,,14,,491,,19,1,1,,122,,2,,,,,,,,,,1,,,,1,2,,,,,,,,,,,,,,,,,1,,3,,,,2,,,,,,1,,,68,3,1,5,,2,,,,,,1,,35,,1,,,,,1,4,,3,,,,2,,14,1,,,4,,,,2,,1,29,,,,,,,,,,,,,,,,,,,,,40,,,18,,,,,,,23,26,,,,,,
2,Deciduous forest,Spreewald1,Angela Merkel,20040508_Merkel1,8,Schutzgraben,1.4,51.899853,14.002361,0,0,C,30/4/2011,15,0,0.54,50,34,3,,,,,,,,,,,3,,,,,,11,,,,,,,5,1,,80,,27,1,,,10,,,,,,,1,,,,,,,,,,9,,,,,,,,3,,,,,,,,1,1,,1,,,,1,76,,,,,,2,,11,3,,,,1,,,1,,,2,,,,,,,,,1,,2,1,,,,3,,8,,,,,,,,,,,1,,,,3,,,,1,,,1,,,,,3,2,,,,1,,,7,,,,,,,,7,3,,,13,,
2,Deciduous forest,Spreewald1,Angela Merkel,20040508_Merkel1,8,Schutzgraben,1.4,51.899853,14.002361,0,0,C,30/4/2011,15,0,0.54,50,37,4,,,,,,,,,,,,,,,,,,,,,,,,,3,,151,,,2,,,,,1,1,,,,,,,,,1,,,,1,,,,,,,,,,,,,,,,,,,,2,,,,,,,,,,,,,,,,,,,,,,,,,,51,3,,,,,,,,,,,1,,,,7,,,,,28,,,,,,,,,,,,,,3,,,,,,,,,,,,,,,1,11,,,,,,,,36,,,,,,
2,Deciduous forest,Spreewald1,Angela Merkel,20040508_Merkel1,8,Schutzgraben,1.4,51.899853,14.002361,0,0,C,30/4/2011,15,0,0.54,50,32,5,,,,,,,,,,,,,,,,,,,,,4,,,,17,,116,,,,7,,,,2,,,,,2,,,,,5,,,,,,,,2,,,,,,,,,,,,,,,,,,,,,,,,,,,,,,,,,,,,,,,,,,4,,,,,,,,,,,,,1,,,,,,,,1,,,,,,,,,,,,,,8,,,,,,,,,,,,,,,1,64,,,,,,,,23,,,,,,
3,Mixed forest,Orleans forest,Charles De Gaulle,20050125_Gaul2,8,chemin forestier ,2,47.465848,2.117633,0.5,0.5,NP,27/4/2011,18,0,0.37,100,10,1,very low water,,2,,,,,,,,,,,,,,3,1,,,,,,2,3,1,104,,,1,1,,,,6,,,,,,,,,,,,,,1,4,,,,,,,,2,1,,,,,,,34,,,5,,,,1,6,,,,,,,,8,4,,10,,,,,,,,,,,1,,,,,,13,,,,,,3,1,,120,,,,,,,,,1,,,,,8,,,,,,,,,,,,,,,,,,,,,43,,,,,3,,,20,,,,,,
3,Mixed forest,Orleans forest,Charles De Gaulle,20050125_Gaul2,9,chemin forestier ,2,47.465848,2.117633,0.5,0.5,NP,27/4/2011,18,0,0.37,100,15,2,very low water,,2,,4,,,,,,9,,,,,,,,,,15,,,,8,5,98,,,2,,,,,5,,,,,8,,,,,4,,,,5,,,,2,,,1,,2,,,,,,,,,,,,,,,,10,,,,,,,,5,,,3,,5,,,,,,,,156,1,,,,,,,,,,,1,,3,,54,,,,,13,,,,,,,,,6,2,,,,9,,,2,,,,,,,,,,,,,47,,,,,,,,112,,,,1,,
3,Mixed forest,Orleans forest,Charles De Gaulle,20050125_Gaul2,9,chemin forestier ,2,47.465848,2.117633,0.5,0.5,NP,27/4/2011,18,0,0.37,100,24,3,,,,,,,,,,,3,,,,,,2,,,,,,,1,1,,4,,,,,,,,3,,,,,,,,,,,,1,,,2,,,,,,,,,,,,,,,,,,,,70,,,,,,,,,,,,1,1,,,,,,,,,,,,131,,,,,,,1,,,,,,1,,,5,,,,,,,,,,,3,,,,,,,,1,,,1,,,1,,,,,2,1,,,,,,,,,3,,,,,,,,,
3,Mixed forest,Orleans forest,Charles De Gaulle,20050125_Gaul2,9,chemin forestier ,2,47.465848,2.117633,0.5,0.5,NP,27/4/2011,18,0,0.37,100,12,4,very low water,,,,1,,,,,,3,,,,,,,1,,,4,,,,5,,42,,,,,,,,2,,,,,,,,,,,,,,4,,,,3,,,,,,,,,,,,,,,,,6,,,,,,,,,,,,7,,,2,,1,,1,,,,,,242,,,,,,,,,,,,1,1,,,18,,,,,3,,,,,,3,,,,,,,6,1,,,,,,,,,,,,,,,,13,,,,,,,,21,,,,,,
3,Mixed forest,Orleans forest,Charles De Gaulle,20050125_Gaul2,9,chemin forestier ,2,47.465848,2.117633,0.5,0.5,NP,27/4/2011,18,0,0.37,100,11,5,very low water,,2,,,,,,,,,,,,,,,,,,14,,,,4,94,132,,,1,1,,,,9,2,,,,3,1,,,,12,,,,4,,,,7,,,,,1,,,,6,,,,,,,,,,,,,,,,,,,,2,,,7,,2,,1,,,,,,,,,,,,,,,,,,,,,,4,,,,,8,,,,,,,,,,1,,,,8,,,,,,,,,,,,,,,4,17,1,,,,2,,,22,,,,,,
3,Mixed forest,Orleans forest,Charles De Gaulle,20050125_Gaul2,10,Rue de Bonaparte,1.5,47.475628,2.100123,0,0,C,27/4/2011,18,0,0.37,100,32,1,,,,,,,,,,,,,,,,,,1,1,,,,,,,,50,,,,,,,,2,,,,,,,,,,1,,,,,,,,,,,,,3,,,,,,,,,,,1,7,,,1,,,,,,,,,,,,,,,,,,,,,,1,,,,,,,,,,,,,,1,,72,,,,,,,,,,,,,,,,,,,,,1,,,,,,,,,,,,,,,,,,,,,,,,,,,,
3,Mixed forest,Orleans forest,Charles De Gaulle,20050125_Gaul2,10,Rue de Bonaparte,1.5,47.475628,2.100123,0,0,C,27/4/2011,18,0,0.37,100,56,2,,,,,,,,,,,,,,,,,,,,,,,,,15,,25,,,,,,1,,,,,,,,,,,2,,,,,,,,,,,,,,11,,,,,,,,,,,,,,,,,,,,,,,,,,,,,,,,,,,,,497,,,,,,,,,,,,,,1,,50,,,,,4,,,,,,,,,,,,5,,1,,,,,,,,,,,,,,,,1,,,,,2,,,3,,,,,,
3,Mixed forest,Orleans forest,Charles De Gaulle,20050125_Gaul2,10,Rue de Bonaparte,1.5,47.475628,2.100123,0,0,C,27/4/2011,18,0,0.37,100,49,3,,,,,,,,,,,,,,,,,,,,,,,,,1,5,39,,,,,,,,,,,,,,,,,,,,,,1,,,,,,,,,,,,,,,,,,,,,,,,,,,,,,,,,2,,,,,,,,,,,,,54,,,,,,,,,,,,,2,,,5,,,,,7,,,,,,,,,,,,,,,,,1,,,,,,,,,,,,,8,,,,,,,,38,,,,,,
3,Mixed forest,Orleans forest,Charles De Gaulle,20050125_Gaul2,10,Rue de Bonaparte,1.5,47.475628,2.100123,0,0,C,27/4/2011,18,0,0.37,100,41,4,,,,,,,,,,,,,,,,,1,1,,,,,,,2,,37,,,,,,,,1,2,,,,,,,,,,,1,,,1,1,,,,,,,,,,,,,,,,,,2,,,,,5,,,,,,2,,,,,,,,,,,,,,,1,1,,,,,,,,,,,,,,,48,,,,,,,,,,,,,,,,,,,,,2,,,,1,4,7,,,,1,,,,,,,,,1,,,,,,,1,,
3,Mixed forest,Orleans forest,Charles De Gaulle,20050125_Gaul2,10,Rue de Bonaparte,1.5,47.475628,2.100123,0,0,C,27/4/2011,18,0,0.37,100,33,5,,,,,,,,,,,,,,,,,3,,,,,,,,20,,5,,,,,,,,5,,,,,,,,,,,,1,,2,5,,,,,,,,,,,,,,,,,,,1,17,,,,,,,,,,,,,,,,,,,,,,,,,117,,,,,,,,,,,,,,,,168,,,,,,,,,,,,,,,,,,,,,,,,,1,,,,,,3,1,,,,,,,,5,,,1,,,,,,
3,Mixed forest,Orleans forest,Charles De Gaulle,20050125_Gaul2,11,Deux Ponts,1.2,47.460298,2.125873,0.5,0,N,27/4/2011,18,0,0.37,100,25,1,,,1,,,,,,,,1,,,,,,2,,7,,,,,1,7,,24,,,,,,34,,2,,,,,,,,,,,,,,,2,,,,,,,,3,,,,,,,,,,,,,,,,2,8,,,,,,,2,,,,,1,,,,,,,,26,,,,,,,,,1,,,,,,,14,,,,,,,,,,,,,,,,,,,,,,,,,,,,,,,,,,,,,,,,,,,31,,,,,,
3,Mixed forest,Orleans forest,Charles De Gaulle,20050125_Gaul2,11,Deux Ponts,1.2,47.460298,2.125873,0.5,0,N,27/4/2011,18,0,0.37,100,19,2,,,,,,,,,,,2,,,,,,6,,,,,,,1,1,,5,,,1,,,,,1,,,,,,,,,,,1,,,,1,,,,,,,,2,,,1,,,,,,,,1,,,,,,,,,,,1,,2,,,,,,,,,,,,,,,,,,,,3,,,,,,,2,,9,,,,,,,,,,,,,,,,,,,,,2,,,,2,,1,,,,,,,,1,,,,,1,,,4,,,,1,,
3,Mixed forest,Orleans forest,Charles De Gaulle,20050125_Gaul2,11,Deux Ponts,1.2,47.460298,2.125873,0.5,0,N,27/4/2011,18,0,0.37,100,36,3,,,,,2,,,,,,,,,,,,1,1,,,,,,,3,,15,,,1,,,,,,,,,,1,,18,,,,,,,2,,,,,,,,,,,,1,,,,,,,,,,,,,,,,,,,,,,,,,,1,,,,,,,,81,,,,,,,,,,,,3,1,,,7,,,,,,,,,,,,1,,2,,,,,,,,,,,,,,,,,,,,1,2,,,,,,,,3,,,,,,
3,Mixed forest,Orleans forest,Charles De Gaulle,20050125_Gaul2,11,Deux Ponts,1.2,47.460298,2.125873,0.5,0,N,27/4/2011,18,0,0.37,100,30,4,,,,,,,,,,,,,,,,,1,,,,2,,,,1,,59,,,5,,,,,4,,,,,,1,14,,,,,,,1,,,,,,,,,1,,,,,,4,,,,,1,,,,3,,,,,,,,,2,,,1,,3,,,,,,,,13,,,,,,,,,,,,1,1,,,16,,,,,,,,,,,,,,,,,,,1,,,1,,,,,,,,,,,,,9,,,,,,,,5,,,,,,
3,Mixed forest,Orleans forest,Charles De Gaulle,20050125_Gaul2,11,Deux Ponts,1.2,47.460298,2.125873,0.5,0,N,27/4/2011,18,0,0.37,100,35,5,,,2,,,,,,1,,,,,,,,29,,,,,,,,12,,174,,,1,,,,,5,,,,,1,,,,,,,,,1,20,,,3,,,,,,,,9,,,,,68,,,,,,,1,4,10,,,,,,,6,,,5,,1,7,,,,,,,,,,,,,,26,,,,,,1,3,1,,,,,,,,,,2,,,,,2,7,,,,1,,,2,,,,,,,,,,,,1,9,,,,,6,,,9,,,,,,
3,Mixed forest,Orleans forest,Charles De Gaulle,20050125_Gaul2,12,Chateau,1.8,47.454589,2.112563,0,0.5,P,27/4/2011,18,0,0.37,100,39,1,,,4,,49,,,,,,,,,,,,1,6,,,12,,,,5,,493,,,4,,,,,4,1,,,,5,1,5,,,,,,,5,1,,,,,,,1,13,,,2,,,1,1,,,,3,,,,2,12,,,,,,,,20,,,3,,4,,,,,,,,37,,,,,,,1,,1,,,12,8,,,57,,,,,,,,,,,,1,,1,13,,,,,,1,2,,,,,,,,,,1,,,57,,,,,,,,104,,,,1,,
3,Mixed forest,Orleans forest,Charles De Gaulle,20050125_Gaul2,12,Chateau,1.8,47.454589,2.112563,0,0.5,P,27/4/2011,18,0,0.37,100,20,2,,,,,,,,,,,8,,,,,,,,,,,,,,1,,22,,,,1,,49,,,,,,,,,,,,,,,,,3,,,,,,,,1,,,,,,,,3,,,,18,,,1,22,,,,,,,,3,6,,,,1,,,,,,,,28,,,,,,,6,,,,,,,,,10,,,,,,,,,,,,,,,,,,,,,,,,,,,,,,,,,,,11,,,,,1,,,1,,,,,,
3,Mixed forest,Orleans forest,Charles De Gaulle,20050125_Gaul2,12,Chateau,1.8,47.454589,2.112563,0,0.5,P,27/4/2011,18,0,0.37,100,16,3,,,1,,4,2,1,,,,,,,,,,1,1,,,12,,,,5,,173,,,4,,,,,1,,,,,,2,9,,,,,,,3,,,,,,,,,4,,,2,,,,,,,,1,10,,,,,,,,,,,,19,,,3,,3,,,,,,,,201,,,,,,,1,,1,,,,,,,15,,,,,,,,,,,,28,,,2,,,,1,,,,,,,,,,,,,,,1,33,,,,,,,,52,,,,,,
3,Mixed forest,Orleans forest,Charles De Gaulle,20050125_Gaul2,12,Chateau,1.8,47.454589,2.112563,0,0.5,P,27/4/2011,18,0,0.37,100,23,4,,,2,,,,,,,,,,,,,,,,,,4,,,,11,,327,,,2,,,,,2,,,,,,,5,,,,,,,3,,,,,,,,,1,,,,,,,,,,,,,,,1,,,,,,,,,1,,,,,1,,,,,,,,,,,,,,,,,,,,,2,,,20,,,,,,,,,,,,,,,2,,,,,,,1,,,,,,,,,,,,1,44,,,,,,,,7,,,,,,
3,Mixed forest,Orleans forest,Charles De Gaulle,20050125_Gaul2,12,Chateau,1.8,47.454589,2.112563,0,0.5,P,27/4/2011,18,0,0.37,100,32,5,,,,,,,,,,,,,,,,,1,,,,,,,,1,,123,,,,,,,,,,,,,,,,,,,,,,,,,,1,,,,,,,,,,,,,,,,9,,,,,,,,,,,,,,,,,,,,,,,,,,,,,,,,,,,,,,,,,,22,,,,,,,,,,,2,,,,,,,,,,,,,,,,,,,,,,,,69,,,,,,,,,,,,,,
1,Coniferous forest,Veluwe1,Mark Rutte,20040706_Rutte1,1,Bridge Opaweg,1.25,52.272371,5.87284,0.5,0,N,15/8/2012,20,10,0.7,0.4,41,1,,0,0,0,0,0,0,0,0,0,0,0,0,0,0,0,0,0,0,0,0,0,0,0,0,0,1,0,0,0,0,0,0,0,0,0,0,0,0,0,0,0,0,0,0,0,0,0,0,0,0,0,0,0,0,0,0,0,0,0,0,0,0,0,0,0,0,0,0,3,0,0,0,0,0,0,0,0,0,0,0,0,3,0,0,0,0,0,0,0,0,0,0,0,8,0,0,0,0,0,0,4,0,0,0,0,0,0,0,0,1,0,0,0,0,0,0,0,0,0,0,0,0,0,0,0,0,0,0,0,0,5,0,0,0,0,0,0,0,0,0,0,0,0,0,0,0,0,0,0,0,0,0,0,0,0,0,0,,
1,Coniferous forest,Veluwe1,Mark Rutte,20040706_Rutte1,1,Bridge Opaweg,1.25,52.272371,5.87284,0.5,0,N,15/8/2011,20,10,0.7,0.4,35,2,,0,0,0,1,0,0,0,0,5,3,0,0,0,0,0,19,4,7,0,9,0,0,0,1,0,169,0,0,10,0,0,0,0,0,0,0,0,0,0,0,15,0,0,0,0,0,0,0,1,0,0,0,0,0,0,0,14,0,0,0,0,0,0,0,0,0,0,1,0,0,0,0,0,0,0,0,0,0,0,0,0,0,0,4,0,0,226,0,0,0,0,0,0,730,0,0,0,0,0,0,0,0,0,0,0,0,0,0,0,7,0,0,0,0,0,0,0,0,0,0,14,0,0,0,0,0,3,0,0,0,0,0,0,0,0,0,0,0,0,0,0,0,0,0,65,0,0,0,0,0,0,0,0,0,0,0,0,,
1,Coniferous forest,Veluwe1,Mark Rutte,20040706_Rutte1,1,Bridge Opaweg,1.25,52.272371,5.87284,0.5,0,N,15/8/2011,20,10,0.7,0.4,32,3,,0,0,0,0,0,0,7,0,0,0,0,0,0,0,0,3,3,0,0,1,0,0,0,4,0,302,0,0,20,0,0,0,0,0,0,0,0,0,0,0,115,0,0,1,0,0,0,1,0,0,0,0,0,0,0,0,0,0,0,0,0,0,0,0,0,0,0,0,0,0,0,0,0,0,0,0,0,0,0,0,0,0,0,0,0,1,23,0,0,0,0,0,0,0,0,0,0,0,0,0,0,0,0,0,0,0,7,0,0,0,0,0,0,0,0,0,0,0,0,0,0,0,0,0,0,0,0,0,0,0,0,0,1,0,0,0,0,0,0,0,0,0,0,0,44,0,0,0,0,0,0,0,0,0,0,0,0,,
1,Coniferous forest,Veluwe1,Mark Rutte,20040706_Rutte1,1,Bridge Opaweg,1.25,52.272371,5.87284,0.5,0,N,15/8/2011,20,10,0.7,0.4,25,4,,0,0,0,0,0,0,0,0,0,0,0,0,0,0,0,0,0,0,0,0,0,0,0,0,0,0,0,0,0,0,0,0,0,0,0,0,0,0,0,0,0,0,0,0,0,0,0,0,0,0,0,0,0,0,0,0,1,0,0,0,0,0,0,0,0,0,0,0,0,0,0,0,0,0,0,0,0,0,0,0,0,0,0,0,0,0,0,0,0,0,0,0,0,0,0,0,0,0,0,0,0,0,0,0,0,0,0,0,0,36,0,0,0,0,0,0,0,0,0,0,0,0,0,0,0,0,0,0,0,0,0,0,0,0,0,0,0,0,0,0,0,0,0,0,0,0,0,0,0,0,0,0,0,0,0,0,0,,
1,Coniferous forest,Veluwe1,Mark Rutte,20040706_Rutte1,1,Bridge Opaweg,1.25,52.272371,5.87284,0.5,0,N,15/8/2011,20,10,0.7,0.4,46,5,,0,0,0,0,0,0,0,0,0,0,0,0,0,0,0,0,0,0,0,0,0,0,0,0,0,65,0,0,0,0,0,1,0,0,0,0,0,0,0,0,0,0,0,0,0,0,0,0,0,0,0,0,0,0,0,0,0,0,0,0,0,0,0,0,0,0,0,0,0,0,0,0,0,0,0,0,0,0,0,0,0,0,0,0,0,0,1,0,0,0,0,0,0,1273,0,0,0,0,0,0,0,0,0,0,0,0,0,0,0,7,0,0,0,0,0,0,0,0,0,0,0,0,0,0,0,0,16,0,0,0,0,0,0,0,0,0,0,0,0,0,0,0,0,0,0,0,0,0,0,0,0,0,0,0,0,0,0,,
1,Coniferous forest,Veluwe1,Mark Rutte,20040706_Rutte1,2,Landgoed De Meer,0.9,52.369521,5.875693,0,0.5,P,15/8/2011,20,10,0.7,0.4,41,1,,0,0,0,7,0,0,0,0,0,3,0,0,0,0,0,0,1,0,0,0,0,0,0,0,0,2,0,0,0,0,0,0,0,0,0,0,0,0,0,0,0,0,0,0,0,0,0,0,0,0,0,1,0,0,0,0,0,0,0,0,0,0,0,3,0,0,0,0,0,0,0,0,0,0,0,0,0,0,0,0,0,0,0,0,0,0,0,0,0,0,0,0,0,23,0,0,0,0,0,0,0,0,0,0,0,0,3,0,0,0,0,0,0,0,0,0,0,0,0,0,0,0,0,0,0,0,0,0,0,0,0,0,0,0,0,0,0,0,0,0,0,0,0,0,0,0,0,0,0,0,0,0,25,0,0,0,0,,
1,Coniferous forest,Veluwe1,Mark Rutte,20040706_Rutte1,2,Landgoed De Meer,0.9,52.369521,5.875693,0,0.5,P,15/8/2011,20,10,0.7,0.4,35,2,,0,0,0,0,0,0,0,0,0,0,0,0,0,0,0,0,0,0,0,0,0,0,0,0,0,1,0,0,0,0,0,0,0,0,0,0,0,0,0,0,0,0,0,0,0,0,0,0,0,0,0,0,0,0,0,0,0,0,0,0,0,0,0,0,0,0,0,0,0,0,0,0,0,0,0,0,0,0,0,0,0,0,0,0,0,0,0,0,0,0,0,0,0,1,0,0,0,0,0,0,0,0,0,0,0,0,0,0,0,7,0,0,0,0,0,0,0,0,0,0,0,0,0,0,0,0,0,0,0,0,0,0,0,0,0,0,0,0,0,0,0,0,0,0,0,0,0,0,0,0,0,0,0,0,0,0,0,,
1,Coniferous forest,Veluwe1,Mark Rutte,20040706_Rutte1,2,Landgoed De Meer,0.9,52.369521,5.875693,0,0.5,P,15/8/2011,20,10,0.7,0.4,30,3,,0,0,0,0,0,0,0,0,0,3,0,0,0,0,0,0,0,0,0,0,0,0,0,0,0,3,0,0,0,0,0,0,0,0,0,0,0,0,0,0,0,0,0,0,0,0,0,0,0,0,0,0,0,0,0,0,0,0,0,0,0,0,0,0,0,0,0,0,0,0,0,0,0,0,0,0,0,1,0,0,0,0,0,1,0,0,0,0,0,0,0,0,0,11,0,0,0,0,0,0,1,0,0,0,0,0,0,1,0,3,0,0,0,0,0,0,0,0,0,0,0,0,0,0,0,0,0,0,0,0,0,0,0,0,0,0,0,0,0,0,0,0,0,0,0,0,0,0,0,0,0,0,0,0,0,0,0,,
1,Coniferous forest,Veluwe1,Mark Rutte,20040706_Rutte1,2,Landgoed De Meer,0.9,52.369521,5.875693,0,0.5,P,15/8/2011,20,10,0.7,0.4,10,4,,0,0,0,0,0,0,0,0,0,4,0,0,0,0,0,0,0,0,0,0,0,0,0,0,0,5,0,0,0,0,0,1,0,0,0,0,0,0,0,0,0,0,0,0,0,0,0,0,0,0,0,0,0,0,0,0,0,0,0,0,0,0,0,0,0,0,0,0,0,0,0,0,0,0,0,0,0,0,0,0,5,0,0,3,0,0,0,0,0,0,0,0,0,24,0,0,0,0,0,0,0,0,0,0,0,0,0,0,0,0,0,0,0,0,0,0,0,0,0,0,0,0,0,0,0,0,0,0,0,0,0,0,0,0,0,0,0,0,0,0,0,0,0,0,0,0,0,0,0,0,0,0,0,0,0,0,0,,
1,Coniferous forest,Veluwe1,Mark Rutte,20040706_Rutte1,2,Landgoed De Meer,0.9,52.369521,5.875693,0,0.5,P,15/8/2011,20,10,0.7,0.4,50,5,,0,0,0,0,0,0,0,0,0,0,0,0,0,0,0,0,0,0,0,0,0,0,0,0,0,6,0,0,0,0,0,5,0,0,0,0,0,0,0,0,0,0,0,0,0,0,0,0,1,0,0,0,0,0,0,0,1,0,0,0,0,0,0,0,1,0,0,0,0,0,0,0,0,0,0,0,0,0,0,0,3,0,0,0,0,0,0,0,0,0,0,0,0,0,0,0,0,0,0,0,0,0,0,0,0,0,0,0,0,3,0,0,0,0,0,0,0,0,0,0,0,0,0,0,0,0,0,0,0,0,0,0,0,0,0,0,0,0,0,0,0,0,0,0,0,0,0,0,0,0,0,0,0,0,0,0,0,,
1,Coniferous forest,Veluwe1,Mark Rutte,20040706_Rutte1,3,Tweebruggen,1.3,52.298632,5.885236,0,0,C,15/8/2011,20,10,0.7,0.4,31,1,,0,0,0,0,0,0,0,0,0,0,0,0,0,0,0,0,0,5,0,0,0,0,0,0,3,22,0,0,0,0,0,0,0,0,0,0,0,0,0,0,11,0,0,0,0,0,4,0,0,0,0,0,0,0,0,0,0,0,0,0,0,0,0,0,0,0,0,0,0,0,0,0,0,0,0,0,0,0,0,0,0,0,0,3,0,1,70,0,0,0,0,0,0,1403,0,0,0,0,0,0,0,0,0,0,0,0,0,0,0,0,0,0,0,0,0,0,0,0,0,0,0,0,0,0,0,0,0,0,0,0,0,0,0,0,0,0,0,0,0,0,1,0,0,0,14,0,0,0,0,0,0,0,0,0,0,0,0,,
1,Coniferous forest,Veluwe1,Mark Rutte,20040706_Rutte1,3,Tweebruggen,1.3,52.298632,5.885236,0,0,C,15/8/2011,20,10,0.7,0.4,20,2,,0,0,0,0,0,0,0,0,0,0,0,0,0,0,0,0,0,3,0,0,0,0,0,0,0,0,0,0,0,0,0,0,0,0,0,0,0,0,0,0,0,0,0,0,0,0,0,0,0,0,0,0,0,0,0,0,0,0,0,0,0,0,0,0,0,0,0,0,0,0,0,0,0,0,0,0,0,0,0,0,0,0,0,0,0,0,0,0,0,0,0,0,0,3,0,0,0,0,0,0,0,0,0,0,0,0,0,0,0,0,0,0,0,0,0,0,0,0,0,0,0,0,0,0,0,0,0,0,0,0,0,0,0,0,0,0,0,0,0,0,0,0,0,0,0,0,0,0,0,0,0,0,7,0,0,0,0,,
1,Coniferous forest,Veluwe1,Mark Rutte,20040706_Rutte1,3,Tweebruggen,1.3,52.298632,5.885236,0,0,C,15/8/2011,20,10,0.7,0.4,25,3,,0,1,0,0,0,0,5,0,0,0,0,0,0,0,0,13,1,0,0,0,0,0,0,4,0,220,0,0,0,0,0,0,0,0,0,0,0,0,0,0,0,0,0,1,0,0,0,0,14,0,0,1,0,0,0,0,5,1,0,1,0,0,0,0,178,0,0,0,0,1,0,1,4,33,0,0,0,1,0,0,8,3,0,1,0,1,0,1,0,0,0,0,0,0,0,0,0,0,0,0,14,0,0,0,0,0,0,1,0,1,0,0,0,0,0,0,0,0,1,0,0,0,0,0,0,0,0,0,0,0,0,0,0,0,0,0,0,0,0,0,0,0,0,0,0,0,0,0,0,10,0,0,44,0,0,0,0,,
1,Coniferous forest,Veluwe1,Mark Rutte,20040706_Rutte1,3,Tweebruggen,1.3,52.298632,5.885236,0,0,C,15/8/2011,20,10,0.7,0.4,26,4,,0,1,0,0,0,0,0,0,4,9,0,0,0,0,0,0,0,3,0,8,0,0,0,0,0,55,0,0,1,2,0,0,0,0,1,0,0,0,0,0,0,0,0,0,0,0,0,1,0,0,1,8,0,0,0,0,4,0,0,0,0,0,0,0,0,0,2,3,0,0,0,1,0,0,0,0,0,5,0,0,7,0,0,1,0,1,0,0,0,0,0,0,0,19,0,0,0,0,0,0,1,0,0,0,0,0,0,11,0,29,0,0,0,0,0,0,0,0,0,0,0,0,0,0,0,0,0,0,0,0,0,0,0,0,0,0,0,0,0,0,0,0,0,0,4,0,0,0,0,0,0,0,199,0,0,0,0,,
1,Coniferous forest,Veluwe1,Mark Rutte,20040706_Rutte1,3,Tweebruggen,1.3,52.298632,5.885236,0,0,C,15/8/2011,20,10,0.7,0.4,31,5,,0,0,0,0,0,0,0,0,0,0,0,0,0,0,0,0,0,0,0,0,0,0,0,0,0,1,0,0,0,0,0,129,0,0,0,0,0,0,1,0,1,0,0,0,0,0,0,0,0,0,0,0,0,0,0,0,3,0,0,0,0,0,0,0,0,0,0,0,50,0,0,0,0,1,0,0,0,0,0,0,0,0,0,0,0,0,0,0,0,0,0,0,0,163,0,0,0,0,0,0,0,0,0,0,0,0,0,1,0,0,0,0,0,0,0,0,0,0,0,0,9,0,0,0,0,0,0,0,0,0,1,0,0,0,0,0,0,0,0,0,0,0,0,0,0,0,0,0,0,0,0,0,3,0,0,0,0,,
1,Coniferous forest,Veluwe1,Mark Rutte,20040706_Rutte1,4,Hoge Veluwe,1.1,52.302569,5.858963,0.5,0.5,NP,15/8/2011,20,10,0.7,0.4,48,1,,0,0,0,0,0,0,0,0,0,13,0,0,0,0,0,9,1,1,0,0,0,0,0,0,0,47,0,0,0,0,0,0,0,0,0,0,0,0,0,0,13,0,0,0,0,0,0,0,0,0,0,0,0,0,0,0,4,0,0,0,0,0,0,0,0,0,0,0,0,0,0,0,0,0,0,0,0,0,0,0,0,0,0,1,0,3,286,0,0,0,0,0,0,1652,0,0,0,0,0,0,0,0,0,0,0,0,0,0,0,0,0,0,0,0,0,0,0,0,0,0,14,0,0,0,0,0,4,0,0,0,0,1,0,0,0,0,0,0,0,0,0,0,0,0,21,0,0,0,0,0,0,0,0,0,0,0,0,,
1,Coniferous forest,Veluwe1,Mark Rutte,20040706_Rutte1,4,Hoge Veluwe,1.1,52.302569,5.858963,0.5,0.5,NP,15/8/2011,20,10,0.7,0.4,42,2,,0,5,0,0,0,0,2,0,0,0,0,0,0,0,0,17,3,0,0,21,0,0,0,32,1,556,0,0,13,0,0,0,0,0,0,0,0,0,3,0,109,0,0,0,0,0,0,0,0,0,0,0,0,0,1,0,8,0,0,0,0,0,0,0,0,0,0,0,0,0,0,9,0,0,0,0,0,0,0,3,4,0,0,0,0,18,41,0,0,0,0,0,0,0,0,0,0,0,0,1452,0,0,0,0,0,0,0,0,0,404,0,0,0,0,0,0,0,0,0,0,0,0,0,0,0,0,0,0,0,0,0,0,0,0,0,0,0,0,0,0,0,0,0,0,192,0,0,0,0,0,0,0,0,0,0,0,1,,
1,Coniferous forest,Veluwe1,Mark Rutte,20040706_Rutte1,4,Hoge Veluwe,1.1,52.302569,5.858963,0.5,0.5,NP,15/8/2011,20,10,0.7,0.4,40,3,,0,0,0,0,0,0,0,0,0,0,0,0,0,0,0,0,0,0,0,0,0,0,0,0,0,3,0,0,0,1,0,0,0,0,0,0,0,0,0,0,0,0,0,6,0,0,0,0,0,0,0,0,0,0,0,0,0,0,0,0,0,0,0,0,0,0,0,1,1,0,0,0,0,0,3,0,0,11,0,0,0,0,0,0,0,0,0,0,0,0,0,0,0,0,0,0,0,0,0,0,0,0,0,0,0,0,0,0,0,0,0,0,0,0,0,0,0,0,0,0,306,0,0,0,0,0,0,0,0,0,0,0,0,0,0,0,0,0,0,0,0,0,0,0,0,0,0,0,0,0,0,0,0,0,0,0,0,,
1,Coniferous forest,Veluwe1,Mark Rutte,20040706_Rutte1,4,Hoge Veluwe,1.1,52.302569,5.858963,0.5,0.5,NP,15/8/2011,20,10,0.7,0.4,33,4,,0,0,0,0,0,0,0,0,0,0,0,0,0,0,0,1,0,0,0,0,0,0,0,0,0,54,0,0,1,0,0,0,0,0,0,0,0,0,0,0,10,0,10,0,0,0,0,0,0,0,0,0,0,0,0,0,0,0,0,0,0,0,0,0,0,0,0,0,0,0,0,8,0,0,0,0,0,0,0,3,0,0,0,0,0,0,0,0,0,0,0,0,0,2731,0,0,0,0,0,0,0,0,0,0,0,0,3,0,0,4,0,0,0,0,0,0,0,0,0,0,0,0,0,0,0,0,11,0,0,0,0,0,0,0,0,0,0,0,0,0,0,0,0,0,17,0,0,0,0,0,0,0,0,0,0,0,0,,
1,Coniferous forest,Veluwe1,Mark Rutte,20040706_Rutte1,4,Hoge Veluwe,1.1,52.302569,5.858963,0.5,0.5,NP,15/8/2011,20,10,0.7,0.4,30,5,,0,0,0,0,0,0,0,0,0,0,0,0,0,0,0,0,1,0,0,0,0,0,0,0,0,0,0,0,0,0,0,0,0,0,0,0,0,0,0,0,7,0,0,0,0,0,0,1,0,0,0,0,0,0,0,0,0,0,0,0,0,0,0,0,0,0,0,0,0,0,0,0,0,0,0,0,0,0,0,0,0,0,0,0,0,0,0,0,0,0,0,0,0,39,0,0,0,0,0,0,0,0,1,0,0,0,0,0,0,0,0,0,0,0,0,0,0,0,0,0,0,0,0,0,0,0,0,0,0,0,0,0,0,0,0,0,0,0,0,0,0,0,0,0,0,0,0,0,0,0,0,0,18,0,0,0,0,,
2,Deciduous forest,Spreewald1,Angela Merkel,20040508_Merkel1,5,Am Stein 2,1.3,51.888817,14.046064,0,0.5,P,18/8/2011,21,0,0.5,0.5,11,1,,0,0,0,0,0,0,0,0,0,1,0,0,0,0,0,0,0,0,0,0,0,0,0,3,0,46,0,0,0,0,0,3,0,0,0,0,0,0,2,0,0,0,0,0,0,0,0,0,0,0,0,0,0,0,0,0,0,0,0,0,0,0,0,0,0,0,0,6,0,0,0,3,1,0,0,0,0,3,0,0,1,0,0,3,0,0,0,0,0,0,0,0,0,0,0,0,0,0,0,0,1,0,0,0,0,0,0,0,0,4,0,0,0,0,0,0,0,0,0,0,3,0,0,0,0,0,0,0,0,0,0,0,0,0,0,0,0,0,0,0,0,0,0,0,0,0,0,0,0,0,0,0,0,0,0,0,81,,
2,Deciduous forest,Spreewald1,Angela Merkel,20040508_Merkel1,5,Am Stein 2,1.3,51.888817,14.046064,0,0.5,P,18/8/2011,21,0,0.5,0.5,40,2,,0,0,0,0,0,0,0,0,3,5,0,0,0,0,0,0,0,3,0,0,0,0,0,1,0,62,0,0,0,0,0,12,0,0,0,0,0,0,0,0,0,0,1,1,0,0,0,0,0,0,0,0,0,0,0,0,3,0,0,0,0,0,0,0,0,0,0,5,29,0,0,0,0,0,0,0,0,3,1,0,0,0,0,0,0,1,0,0,0,0,0,0,0,89,0,0,0,0,0,0,0,0,0,0,0,0,0,0,0,21,0,0,0,0,0,0,0,0,0,0,185,0,0,0,0,0,0,0,0,0,0,0,0,0,0,0,0,0,0,0,0,0,0,0,0,0,0,0,0,0,0,0,0,0,0,0,0,,
2,Deciduous forest,Spreewald1,Angela Merkel,20040508_Merkel1,5,Am Stein 2,1.3,51.888817,14.046064,0,0.5,P,18/8/2011,21,0,0.5,0.5,17,3,,1,0,0,0,0,0,0,0,0,0,0,0,0,0,0,0,0,61,0,0,0,0,0,2,0,31,0,0,0,1,0,156,0,1,0,0,0,0,0,0,0,0,0,0,0,0,0,1,1,0,0,0,0,0,0,0,5,0,0,1,0,0,0,0,0,0,0,1,0,0,0,0,0,0,0,0,0,0,0,0,42,1,0,0,0,0,0,0,0,0,0,0,0,36,0,0,0,0,0,0,0,0,0,0,0,0,0,0,0,18,0,0,0,0,0,0,0,0,0,0,9,0,0,0,0,0,0,0,0,0,0,0,1,0,0,0,0,0,0,0,0,0,0,0,5,0,0,0,0,0,0,0,3,0,0,0,0,,
2,Deciduous forest,Spreewald1,Angela Merkel,20040508_Merkel1,5,Am Stein 2,1.3,51.888817,14.046064,0,0.5,P,18/8/2011,21,0,0.5,0.5,36,4,,0,0,0,0,0,0,0,0,0,1,0,0,0,0,0,4,0,0,0,0,0,0,1,0,0,39,0,0,0,0,0,0,0,4,0,0,0,0,0,0,0,0,0,3,0,0,0,0,15,1,0,0,0,0,0,0,1,0,0,2,0,0,0,0,0,0,0,0,0,0,0,0,4,7,0,0,0,0,1,0,3,5,0,0,0,3,0,0,0,0,0,0,0,0,0,0,0,0,0,0,1,0,0,0,0,0,0,0,0,47,0,0,4,0,0,0,0,0,0,0,0,0,1,0,0,0,0,0,0,0,0,1,0,0,0,0,1,0,0,0,0,0,0,0,0,0,0,0,0,5,0,0,6,0,0,0,0,,
2,Deciduous forest,Spreewald1,Angela Merkel,20040508_Merkel1,5,Am Stein 2,1.3,51.888817,14.046064,0,0.5,P,18/8/2011,21,0,0.5,0.5,32,5,,0,0,0,0,0,0,0,0,0,0,0,0,0,3,16,4,0,0,0,0,0,0,7,6,0,101,0,8,9,1,0,0,0,1,0,1,1,0,0,0,0,0,0,3,0,0,0,3,20,0,0,4,0,0,3,0,3,0,0,0,0,2,0,0,252,35,0,9,0,0,0,0,4,21,0,0,0,0,0,0,7,0,0,0,0,0,0,0,33,0,0,0,0,0,0,0,0,0,0,0,11,0,0,0,0,0,0,1,5,0,2,3,0,4,0,0,0,3,0,0,0,0,0,3,0,0,0,5,0,1,0,1,0,1,0,0,0,0,1,0,0,0,0,0,10,26,0,0,0,13,0,0,86,0,0,0,0,,
2,Deciduous forest,Spreewald1,Angela Merkel,20040508_Merkel1,6,Willi Brandtstrasse,1.7,51.749563,14.069852,0.5,0.5,NP,18/8/2011,21,0,0.5,0.5,15,1,,0,0,0,0,0,0,0,0,0,8,0,0,0,0,0,11,5,1,0,8,0,0,0,4,16,270,0,0,10,0,0,0,0,0,5,0,0,0,13,0,0,0,0,20,0,0,0,6,0,0,0,44,0,0,1,0,0,0,0,0,3,0,0,0,0,0,0,29,0,0,0,0,7,3,0,0,0,0,0,0,35,0,0,57,0,7,0,0,0,0,7,0,0,310,12,0,0,0,0,0,3,0,0,0,0,12,16,1,0,36,0,0,0,0,72,0,0,0,0,0,0,0,0,11,1,0,0,1,7,0,0,2,0,0,0,0,0,0,0,0,0,0,0,1,81,0,0,0,0,0,0,0,185,0,0,0,4,,
2,Deciduous forest,Spreewald1,Angela Merkel,20040508_Merkel1,6,Willi Brandtstrasse,1.7,51.749563,14.069852,0.5,0.5,NP,18/8/2011,21,0,0.5,0.5,13,2,,0,0,0,0,0,3,1,0,0,19,0,4,0,0,0,13,0,0,0,0,0,1,0,1,0,4,0,0,0,3,0,51,0,0,0,0,0,0,0,0,0,0,0,0,0,0,0,0,14,0,0,0,0,0,0,0,0,0,0,0,0,0,0,0,10,3,0,4,215,0,0,0,0,0,0,0,0,0,0,0,1,1,0,0,0,0,0,0,0,0,0,1,0,744,0,0,0,0,0,0,5,4,0,2,0,0,0,1,0,23,0,0,0,0,20,0,0,0,0,3,7,0,0,0,0,0,0,0,5,0,0,0,0,1,0,0,0,1,0,0,0,0,0,0,5,0,0,0,0,1,0,4,8,0,0,0,0,,
2,Deciduous forest,Spreewald1,Angela Merkel,20040508_Merkel1,6,Willi Brandtstrasse,1.7,51.749563,14.069852,0.5,0.5,NP,18/8/2011,21,0,0.5,0.5,17,3,,0,0,0,14,0,0,0,0,0,3,0,0,0,0,0,0,8,3,0,5,0,0,0,3,0,70,0,0,1,0,0,0,0,1,9,0,0,0,0,0,0,0,0,3,0,0,0,12,0,0,0,10,0,0,0,0,3,0,0,0,0,0,0,0,0,0,0,0,0,0,0,0,0,0,0,0,0,0,0,0,22,0,0,3,0,1,0,0,0,0,0,0,0,426,0,0,0,0,0,0,0,0,1,0,0,44,35,0,0,0,0,0,0,0,17,0,0,0,0,0,24,0,0,0,0,0,0,0,0,0,0,0,0,0,0,0,0,0,0,0,0,0,0,0,37,0,0,0,0,0,0,0,72,0,0,0,0,,
2,Deciduous forest,Spreewald1,Angela Merkel,20040508_Merkel1,6,Willi Brandtstrasse,1.7,51.749563,14.069852,0.5,0.5,NP,18/8/2011,21,0,0.5,0.5,8,4,,0,0,0,0,0,0,0,0,0,2,0,0,0,0,0,0,0,0,0,9,0,0,0,0,140,17,0,0,1,3,0,0,0,2,0,0,0,0,1,0,0,0,0,4,0,0,0,0,0,0,0,0,0,0,0,0,0,0,0,0,0,0,0,0,0,0,0,1,0,0,0,4,0,0,0,0,0,0,0,0,7,0,0,5,0,5,0,0,0,0,0,0,0,0,0,0,0,0,0,0,0,0,0,0,0,0,1,0,0,4,0,0,0,0,8,0,0,0,0,0,0,0,0,1,0,0,0,0,0,0,0,0,0,0,0,0,0,0,0,0,0,0,0,1,0,4,0,0,0,0,0,0,57,0,0,0,0,,
2,Deciduous forest,Spreewald1,Angela Merkel,20040508_Merkel1,6,Willi Brandtstrasse,1.7,51.749563,14.069852,0.5,0.5,NP,18/8/2011,21,0,0.5,0.5,17,5,,0,0,0,0,0,0,0,0,0,0,0,0,0,0,0,0,0,7,0,0,0,0,1,0,0,660,0,0,5,0,0,0,0,7,0,0,0,0,0,0,0,0,0,0,0,0,0,0,5,0,0,0,0,0,0,0,3,0,0,0,0,0,0,0,0,0,0,298,9,0,0,8,20,0,0,0,0,0,0,0,0,0,0,0,0,2,0,0,0,0,0,0,0,4,0,0,0,0,0,0,0,0,0,0,0,0,0,1,0,3520,0,0,0,0,0,0,0,0,0,0,16,0,0,0,0,0,0,0,0,0,3,0,0,0,0,0,0,0,0,0,0,0,0,0,0,0,0,0,0,7,0,0,0,0,0,0,0,,
2,Deciduous forest,Spreewald1,Angela Merkel,20040508_Merkel1,7,Zweibrücken,1.5,51.666,14.03659,0.5,0,N,18/8/2011,21,0,0.5,0.5,34,1,,0,0,0,0,0,21,0,0,0,1,0,0,0,0,0,55,0,0,0,0,0,0,5,6,0,681,0,31,0,1,0,46,0,3,0,0,0,0,1,0,0,0,0,3,0,0,0,5,6,0,0,0,0,0,0,0,1,0,0,0,0,0,0,0,0,0,0,39,0,0,0,46,0,0,0,0,0,6,3,0,1,0,0,5,0,0,0,0,0,0,0,3,0,0,0,0,1,0,0,0,1,0,0,0,0,0,0,0,0,544,0,0,121,0,0,9,0,0,0,0,34,0,0,0,0,0,0,1,0,0,0,5,0,0,0,0,1,0,0,0,0,0,0,0,36,0,0,0,0,0,0,0,6,0,0,0,3,,
2,Deciduous forest,Spreewald1,Angela Merkel,20040508_Merkel1,7,Zweibrücken,1.5,51.666,14.03659,0.5,0,N,18/8/2011,21,0,0.5,0.5,34,2,,0,0,0,0,0,27,0,0,0,5,0,0,0,0,0,0,0,56,0,0,0,0,0,0,0,12,0,3,0,0,0,155,0,0,0,0,0,0,1,0,0,0,0,2,0,0,0,0,1,0,0,0,0,0,0,0,0,0,0,0,0,0,0,0,0,0,0,17,129,0,0,0,0,0,0,0,0,0,0,0,0,0,0,1,0,0,0,0,0,0,0,0,0,360,0,0,0,0,0,0,0,0,1,4,0,0,0,8,0,4554,0,0,0,0,0,0,0,0,0,1,363,0,0,0,0,0,0,0,0,0,1,1,0,0,0,0,1,0,0,0,1,0,0,0,6,0,0,0,0,3,0,0,7,0,0,0,0,,
2,Deciduous forest,Spreewald1,Angela Merkel,20040508_Merkel1,7,Zweibrücken,1.5,51.666,14.03659,0.5,0,N,18/8/2011,21,0,0.5,0.5,6,3,,0,0,0,0,0,0,0,0,0,1,0,0,0,0,0,5,1,7,0,0,0,0,0,18,0,638,0,25,1,1,0,158,0,2,0,0,0,0,0,0,0,0,0,1,0,0,0,1,3,0,0,0,0,0,0,0,0,0,0,0,0,0,0,0,0,1,0,4,0,0,0,3,0,0,0,0,0,1,0,0,88,4,1,7,0,3,0,0,0,0,0,1,0,46,0,1,0,0,0,0,1,5,0,4,0,0,0,3,0,18,1,0,0,5,0,0,0,2,0,1,38,0,0,0,0,0,0,0,0,0,0,0,0,0,0,0,0,0,0,0,0,52,0,0,23,0,0,0,0,0,0,30,34,0,0,0,0,,
2,Deciduous forest,Spreewald1,Angela Merkel,20040508_Merkel1,7,Zweibrücken,1.5,51.666,14.03659,0.5,0,N,18/8/2011,21,0,0.5,0.5,27,4,,0,0,0,0,0,0,0,0,0,4,0,0,0,0,0,14,0,0,0,0,0,0,7,1,0,103,0,35,1,0,0,13,0,0,0,0,0,0,1,0,0,0,0,0,0,0,0,0,11,0,0,0,0,0,0,0,4,0,0,0,0,0,0,0,1,1,0,1,0,0,0,1,99,0,0,0,0,0,3,0,14,4,0,0,0,1,0,0,1,0,0,3,0,0,0,0,0,0,0,0,1,0,3,1,0,0,0,4,0,10,0,0,0,0,0,0,0,0,0,0,1,0,0,0,4,0,0,0,1,0,0,1,0,0,0,0,4,3,0,0,0,1,0,0,9,0,0,0,0,0,0,0,10,4,0,0,17,,
2,Deciduous forest,Spreewald1,Angela Merkel,20040508_Merkel1,7,Zweibrücken,1.5,51.666,14.03659,0.5,0,N,18/8/2011,21,0,0.5,0.5,25,5,,0,0,0,0,0,0,0,0,0,0,0,0,0,0,0,0,0,0,0,0,0,0,0,4,0,196,0,0,3,0,0,0,0,1,1,0,0,0,0,0,0,0,0,1,0,0,0,1,0,0,0,0,0,0,0,0,0,0,0,0,0,0,0,0,0,0,0,3,0,0,0,0,0,0,0,0,0,0,0,0,0,0,0,0,0,0,0,0,0,0,0,0,0,66,3,0,0,0,0,0,0,0,0,0,0,1,0,0,0,8,0,0,0,0,36,0,0,0,0,0,0,0,0,0,0,0,0,0,4,0,0,0,0,0,0,0,0,0,0,0,0,0,0,1,14,0,0,0,0,0,0,0,46,0,0,0,0,,
2,Deciduous forest,Spreewald1,Angela Merkel,20040508_Merkel1,8,Schutzgraben,1.4,51.899853,14.002361,0,0,C,18/8/2011,21,0,0.5,0.5,34,1,,0,0,0,0,0,0,0,0,0,0,0,0,0,0,0,0,0,0,0,5,0,0,0,22,0,151,0,0,0,9,0,0,0,3,0,0,0,0,3,0,0,0,0,7,0,0,0,0,0,0,0,3,0,0,0,0,0,0,0,0,0,0,0,0,0,0,0,0,0,0,0,0,0,0,0,0,0,0,0,0,0,0,0,0,0,0,0,0,0,0,0,0,0,5,0,0,0,0,0,0,0,0,0,0,0,0,1,0,0,0,0,0,0,0,1,0,0,0,0,0,0,0,0,0,0,0,0,0,10,0,0,0,0,0,0,0,0,0,0,0,0,0,0,1,83,0,0,0,0,0,0,0,30,0,0,0,0,,
2,Deciduous forest,Spreewald1,Angela Merkel,20040508_Merkel1,8,Schutzgraben,1.4,51.899853,14.002361,0,0,C,18/8/2011,21,0,0.5,0.5,29,2,,0,3,0,0,0,0,0,0,0,0,0,0,0,0,0,4,1,0,0,0,0,0,3,4,1,135,0,0,1,1,0,0,0,7,0,0,0,0,0,0,0,0,0,0,0,0,0,1,6,0,0,0,0,0,0,0,3,1,0,0,0,0,0,0,44,0,0,7,0,0,0,1,7,0,0,0,0,0,0,0,10,5,0,13,0,0,0,0,0,0,0,0,0,0,1,0,0,0,0,0,16,0,0,0,0,0,4,1,0,155,0,0,0,0,0,0,0,0,1,0,0,0,0,10,0,0,0,0,0,0,0,0,0,0,0,0,0,0,0,0,0,0,0,0,55,0,0,0,0,3,0,0,26,0,0,0,0,,
2,Deciduous forest,Spreewald1,Angela Merkel,20040508_Merkel1,8,Schutzgraben,1.4,51.899853,14.002361,0,0,C,18/8/2011,21,0,0.5,0.5,29,3,,0,3,0,5,0,0,0,0,0,12,0,0,0,0,0,0,0,0,0,20,0,0,0,10,7,127,0,0,3,0,0,0,0,7,0,0,0,0,10,0,0,0,0,5,0,0,0,7,0,0,0,3,0,0,1,0,3,0,0,0,0,0,0,0,0,0,0,0,0,0,0,0,12,0,0,0,0,0,0,0,7,0,0,3,0,7,0,0,0,0,0,0,0,203,1,0,0,0,0,0,0,0,0,0,0,1,0,4,0,70,0,0,0,0,17,0,0,0,0,0,0,0,0,8,3,0,0,0,11,0,0,3,0,0,0,0,0,0,0,0,0,0,0,0,61,0,0,0,0,0,0,0,146,0,0,0,1,,
2,Deciduous forest,Spreewald1,Angela Merkel,20040508_Merkel1,8,Schutzgraben,1.4,51.899853,14.002361,0,0,C,18/8/2011,21,0,0.5,0.5,36,4,,0,0,0,0,0,0,0,0,0,3,0,0,0,0,0,2,0,0,0,0,0,0,1,1,0,6,0,0,0,0,0,0,0,4,0,0,0,0,0,0,0,0,0,0,0,1,0,0,2,0,0,0,0,0,0,0,0,0,0,0,0,0,0,0,0,0,0,0,90,0,0,0,0,0,0,0,0,0,0,0,1,1,0,0,0,0,0,0,0,0,0,0,0,170,0,0,0,0,0,0,1,0,0,0,0,0,1,0,0,6,0,0,0,0,0,0,0,0,0,0,4,0,0,0,0,0,0,0,1,0,0,1,0,0,1,0,0,0,0,3,1,0,0,0,0,0,0,0,0,4,0,0,0,0,0,0,0,,
2,Deciduous forest,Spreewald1,Angela Merkel,20040508_Merkel1,8,Schutzgraben,1.4,51.899853,14.002361,0,0,C,18/8/2011,21,0,0.5,0.5,25,5,,0,0,0,1,0,0,0,0,0,4,0,0,0,0,0,0,1,0,0,6,0,0,0,7,0,54,0,0,0,0,0,0,0,2,0,0,0,0,0,0,0,0,0,0,0,0,0,5,0,0,0,4,0,0,0,0,0,0,0,0,0,0,0,0,0,0,0,0,8,0,0,0,0,0,0,0,0,0,0,0,9,0,0,3,0,1,0,1,0,0,0,0,0,315,0,0,0,0,0,0,0,0,0,0,0,1,1,0,0,23,0,0,0,0,3,0,0,0,0,0,4,0,0,0,0,0,0,8,1,0,0,0,0,0,0,0,0,0,0,0,0,0,0,0,17,0,0,0,0,0,0,0,27,0,0,0,0,,
3,Mixed forest,Orleans forest,Charles De Gaulle,20050125_Gaul2,8,chemin forestier ,2,47.465848,2.117633,0.5,0.5,NP,5/8/2011,28,0,0.1,100,5,1,,0,3,0,0,0,0,0,0,0,0,0,0,0,0,0,0,0,0,0,18,0,0,0,5,122,172,0,0,1,1,0,0,0,11,3,0,0,0,3,1,0,0,0,16,0,0,0,5,0,0,0,8,0,0,0,0,1,0,0,0,8,0,0,0,0,0,0,0,0,0,0,0,0,0,0,0,0,0,0,0,3,0,0,9,0,3,0,1,0,0,0,0,0,0,0,0,0,0,0,0,0,0,0,0,0,0,0,0,0,5,0,0,0,0,10,0,0,0,0,0,0,0,0,0,1,0,0,0,10,0,0,0,0,0,0,0,0,0,0,0,0,0,0,5,22,1,0,0,0,3,0,0,29,0,0,0,0,,
3,Mixed forest,Orleans forest,Charles De Gaulle,20050125_Gaul2,9,chemin forestier ,2,47.465848,2.117633,0.5,0.5,NP,5/8/2011,28,0,0.1,100,16,2,,0,0,0,0,0,0,0,0,0,0,0,0,0,0,0,0,1,1,0,0,0,0,0,0,0,65,0,0,0,0,0,0,0,3,0,0,0,0,0,0,0,0,0,1,0,0,0,0,0,0,0,0,0,0,0,0,4,0,0,0,0,0,0,0,0,0,0,1,9,0,0,1,0,0,0,0,0,0,0,0,0,0,0,0,0,0,0,0,0,0,0,0,0,1,0,0,0,0,0,0,0,0,0,0,0,0,0,1,0,93,0,0,0,0,0,0,0,0,0,0,0,0,0,0,0,0,0,0,0,0,1,0,0,0,0,0,0,0,0,0,0,0,0,0,0,0,0,0,0,0,0,0,0,0,0,0,0,,
3,Mixed forest,Orleans forest,Charles De Gaulle,20050125_Gaul2,9,chemin forestier ,2,47.465848,2.117633,0.5,0.5,NP,5/8/2011,28,0,0.1,100,12,3,,0,0,0,0,0,0,0,0,0,0,0,0,0,0,0,0,0,0,0,0,0,0,0,20,0,32,0,0,0,0,0,1,0,0,0,0,0,0,0,0,0,0,3,0,0,0,0,0,0,0,0,0,0,0,0,0,14,0,0,0,0,0,0,0,0,0,0,0,0,0,0,0,0,0,0,0,0,0,0,0,0,0,0,0,0,0,0,0,0,0,0,0,0,647,0,0,0,0,0,0,0,0,0,0,0,0,0,1,0,65,0,0,0,0,6,0,0,0,0,0,0,0,0,0,0,0,6,0,1,0,0,0,0,0,0,0,0,0,0,0,0,0,0,0,1,0,0,0,0,3,0,0,4,0,0,0,0,,
3,Mixed forest,Orleans forest,Charles De Gaulle,20050125_Gaul2,9,chemin forestier ,2,47.465848,2.117633,0.5,0.5,NP,5/8/2011,28,0,0.1,100,11,4,,0,0,0,0,0,0,0,0,0,0,0,0,0,0,0,0,0,0,0,0,0,0,0,1,7,51,0,0,0,0,0,0,0,0,0,0,0,0,0,0,0,0,0,0,0,0,0,1,0,0,0,0,0,0,0,0,0,0,0,0,0,0,0,0,0,0,0,0,0,0,0,0,0,0,0,0,0,0,0,0,2,0,0,0,0,0,0,0,0,0,0,0,0,70,0,0,0,0,0,0,0,0,0,0,0,0,3,0,0,7,0,0,0,0,9,0,0,0,0,0,0,0,0,0,0,0,0,0,0,0,0,1,0,0,0,0,0,0,0,0,0,0,0,0,10,0,0,0,0,0,0,0,49,0,0,0,0,,
3,Mixed forest,Orleans forest,Charles De Gaulle,20050125_Gaul2,9,chemin forestier ,2,47.465848,2.117633,0.5,0.5,NP,5/8/2011,28,0,0.1,100,12,5,,0,0,0,0,0,0,0,0,0,0,0,0,0,0,0,1,1,0,0,0,0,0,0,2,0,48,0,0,0,0,0,0,0,1,3,0,0,0,0,0,0,0,0,0,0,1,0,0,1,1,0,0,0,0,0,0,0,0,0,0,0,0,0,0,0,0,0,2,0,0,0,0,6,0,0,0,0,0,2,0,0,0,0,0,0,0,0,0,0,0,0,0,0,1,1,0,0,0,0,0,0,0,0,0,0,0,0,0,0,63,0,0,0,0,0,0,0,0,0,0,0,0,0,0,0,0,0,0,0,0,3,0,0,0,1,5,9,0,0,0,1,0,0,0,0,0,0,0,0,1,0,0,0,0,0,0,1,,
3,Mixed forest,Orleans forest,Charles De Gaulle,20050125_Gaul2,10,Rue de Bonaparte,1.5,47.475628,2.100123,0,0,C,5/8/2011,28,0,0.1,100,21,1,,0,0,0,0,0,0,0,0,0,0,0,0,0,0,0,3,0,0,0,0,0,0,0,26,0,6,0,0,0,0,0,0,0,7,0,0,0,0,0,0,0,0,0,0,0,1,0,2,7,0,0,0,0,0,0,0,0,0,0,0,0,0,0,0,0,0,0,1,23,0,0,0,0,0,0,0,0,0,0,0,0,0,0,0,0,0,0,0,0,0,0,0,0,152,0,0,0,0,0,0,0,0,0,0,0,0,0,0,0,218,0,0,0,0,0,0,0,0,0,0,0,0,0,0,0,0,0,0,0,0,0,0,0,0,1,0,0,0,0,0,4,1,0,0,0,0,0,0,0,6,0,0,1,0,0,0,0,,
3,Mixed forest,Orleans forest,Charles De Gaulle,20050125_Gaul2,10,Rue de Bonaparte,1.5,47.475628,2.100123,0,0,C,5/8/2011,28,0,0.1,100,28,2,,0,1,0,0,0,0,0,0,0,1,0,0,0,0,0,3,0,8,0,0,0,0,1,9,0,31,0,0,0,0,0,44,0,2,0,0,0,0,0,0,0,0,0,0,0,0,0,0,3,0,0,0,0,0,0,0,3,0,0,0,0,0,0,0,0,0,0,0,0,0,0,0,3,10,0,0,0,0,0,0,3,0,0,0,0,1,0,0,0,0,0,0,0,34,0,0,0,0,0,0,0,0,1,0,0,0,0,0,0,18,0,0,0,0,0,0,0,0,0,0,0,0,0,0,0,0,0,0,0,0,0,0,0,0,0,0,0,0,0,0,0,0,0,0,0,0,0,0,0,0,0,0,40,0,0,0,0,,
3,Mixed forest,Orleans forest,Charles De Gaulle,20050125_Gaul2,10,Rue de Bonaparte,1.5,47.475628,2.100123,0,0,C,5/8/2011,28,0,0.1,100,24,3,,0,0,0,0,0,0,0,0,0,2,0,0,0,0,0,7,0,0,0,0,0,0,1,1,0,6,0,0,1,0,0,0,0,1,0,0,0,0,0,0,0,0,0,0,1,0,0,0,1,0,0,0,0,0,0,0,3,0,0,1,0,0,0,0,0,0,0,1,0,0,0,0,0,0,0,0,0,0,1,0,2,0,0,0,0,0,0,0,0,0,0,0,0,0,0,0,0,0,0,0,4,0,0,0,0,0,0,2,0,11,0,0,0,0,0,0,0,0,0,0,0,0,0,0,0,0,0,0,0,0,2,0,0,0,3,0,1,0,0,0,0,0,0,0,1,0,0,0,0,1,0,0,5,0,0,0,1,,
3,Mixed forest,Orleans forest,Charles De Gaulle,20050125_Gaul2,10,Rue de Bonaparte,1.5,47.475628,2.100123,0,0,C,5/8/2011,28,0,0.1,100,26,4,,0,0,0,2,0,0,0,0,0,0,0,0,0,0,0,1,1,0,0,0,0,0,0,4,0,19,0,0,1,0,0,0,0,0,0,0,0,0,1,0,23,0,0,0,0,0,0,3,0,0,0,0,0,0,0,0,0,0,0,1,0,0,0,0,0,0,0,0,0,0,0,0,0,0,0,0,0,0,0,0,0,0,0,0,0,1,0,0,0,0,0,0,0,106,0,0,0,0,0,0,0,0,0,0,0,3,1,0,0,9,0,0,0,0,0,0,0,0,0,0,0,1,0,3,0,0,0,0,0,0,0,0,0,0,0,0,0,0,0,0,0,0,0,1,3,0,0,0,0,0,0,0,3,0,0,0,0,,
3,Mixed forest,Orleans forest,Charles De Gaulle,20050125_Gaul2,10,Rue de Bonaparte,1.5,47.475628,2.100123,0,0,C,5/8/2011,28,0,0.1,100,21,5,,0,0,0,0,0,0,0,0,0,0,0,0,0,0,0,1,0,0,0,2,0,0,0,2,0,77,0,0,6,0,0,0,0,5,0,0,0,0,0,1,19,0,0,0,0,0,0,1,0,0,0,0,0,0,0,0,1,0,0,0,0,0,5,0,0,0,0,1,0,0,0,4,0,0,0,0,0,0,0,0,3,0,0,1,0,4,0,0,0,0,0,0,0,17,0,0,0,0,0,0,0,0,0,0,0,1,1,0,0,21,0,0,0,0,0,0,0,0,0,0,0,0,0,0,0,0,0,0,1,0,0,1,0,0,0,0,0,0,0,0,0,0,0,0,12,0,0,0,0,0,0,0,7,0,0,0,0,,
3,Mixed forest,Orleans forest,Charles De Gaulle,20050125_Gaul2,11,Deux Ponts,1.2,47.460298,2.125873,0.5,0,N,5/8/2011,28,0,0.1,100,19,1,,0,3,0,0,0,0,0,1,0,0,0,0,0,0,0,37,0,0,0,0,0,0,0,16,0,226,0,0,1,0,0,0,0,7,0,0,0,0,1,0,0,0,0,0,0,0,0,1,26,0,0,4,0,0,0,0,0,0,0,12,0,0,0,0,89,0,0,0,0,0,0,1,5,13,0,0,0,0,0,0,8,0,0,7,0,1,9,0,0,0,0,0,0,0,0,0,0,0,0,0,33,0,0,0,0,0,1,4,1,0,0,0,0,0,0,0,0,0,3,0,0,0,0,3,9,0,0,0,1,0,0,3,0,0,0,0,0,0,0,0,0,0,0,1,11,0,0,0,0,7,0,0,12,0,0,0,0,,
3,Mixed forest,Orleans forest,Charles De Gaulle,20050125_Gaul2,11,Deux Ponts,1.2,47.460298,2.125873,0.5,0,N,5/8/2011,28,0,0.1,100,15,2,,0,5,0,64,0,0,0,0,0,0,0,0,0,0,0,1,7,0,0,16,0,0,0,6,0,641,0,0,6,0,0,0,0,5,1,0,0,0,7,1,7,0,0,0,0,0,0,6,1,0,0,0,0,0,0,1,17,0,0,3,0,0,1,1,0,0,0,4,0,0,0,3,16,0,0,0,0,0,0,0,26,0,0,4,0,6,0,0,0,0,0,0,0,48,0,0,0,0,0,0,1,0,2,0,0,16,10,0,0,74,0,0,0,0,0,0,0,0,0,0,0,1,0,1,17,0,0,0,0,0,1,3,0,0,0,0,0,0,0,0,0,1,0,0,75,0,0,0,0,0,0,0,135,0,0,0,1,,
3,Mixed forest,Orleans forest,Charles De Gaulle,20050125_Gaul2,11,Deux Ponts,1.2,47.460298,2.125873,0.5,0,N,5/8/2011,28,0,0.1,100,17,3,,0,0,0,0,0,0,0,0,0,10,0,0,0,0,0,0,0,0,0,0,0,0,0,1,0,28,0,0,0,1,0,64,0,0,0,0,0,0,0,0,0,0,0,0,0,0,0,0,3,0,0,0,0,0,0,0,1,0,0,0,0,0,0,0,4,0,0,0,24,0,0,1,28,0,0,0,0,0,0,0,4,8,0,0,0,1,0,0,0,0,0,0,0,36,0,0,0,0,0,0,8,0,0,0,0,0,0,0,0,13,0,0,0,0,0,0,0,0,0,0,0,0,0,0,0,0,0,0,0,0,0,0,0,0,0,0,0,0,0,0,0,0,0,0,14,0,0,0,0,1,0,0,1,0,0,0,0,,
3,Mixed forest,Orleans forest,Charles De Gaulle,20050125_Gaul2,11,Deux Ponts,1.2,47.460298,2.125873,0.5,0,N,5/8/2011,28,0,0.1,100,16,4,,0,1,0,5,3,1,0,0,0,0,0,0,0,0,0,1,1,0,0,15,0,0,0,6,0,225,0,0,6,0,0,0,0,1,0,0,0,0,0,3,12,0,0,0,0,0,0,4,0,0,0,0,0,0,0,0,5,0,0,2,0,0,0,0,0,0,0,1,13,0,0,0,0,0,0,0,0,0,0,0,25,0,0,4,0,3,0,0,0,0,0,0,0,262,0,0,0,0,0,0,1,0,1,0,0,0,0,0,0,19,0,0,0,0,0,0,0,0,0,0,0,36,0,0,2,0,0,0,1,0,0,0,0,0,0,0,0,0,0,0,0,0,0,1,43,0,0,0,0,0,0,0,67,0,0,0,0,,
3,Mixed forest,Orleans forest,Charles De Gaulle,20050125_Gaul2,11,Deux Ponts,1.2,47.460298,2.125873,0.5,0,N,5/8/2011,28,0,0.1,100,30,5,,0,3,0,0,0,0,0,0,0,0,0,0,0,0,0,0,0,0,0,5,0,0,0,14,0,425,0,0,3,0,0,0,0,3,0,0,0,0,0,0,7,0,0,0,0,0,0,4,0,0,0,0,0,0,0,0,2,0,0,0,0,0,0,0,0,0,0,0,0,0,0,1,0,0,0,0,0,0,0,0,2,0,0,0,0,1,0,0,0,0,0,0,0,0,0,0,0,0,0,0,0,0,0,0,0,0,3,0,0,26,0,0,0,0,0,0,0,0,0,0,0,0,0,0,3,0,0,0,0,0,0,1,0,0,0,0,0,0,0,0,0,0,0,1,57,0,0,0,0,0,0,0,9,0,0,0,0,,
3,Mixed forest,Orleans forest,Charles De Gaulle,20050125_Gaul2,12,Chateau,1.8,47.454589,2.112563,0,0.5,P,5/8/2011,28,0,0.1,100,21,1,,0,0,0,0,0,0,0,0,0,0,0,0,0,0,0,1,0,0,0,0,0,0,0,1,0,160,0,0,0,0,0,0,0,0,0,0,0,0,0,0,0,0,0,0,0,0,0,0,0,0,0,1,0,0,0,0,0,0,0,0,0,0,0,0,0,0,0,12,0,0,0,0,0,0,0,0,0,0,0,0,0,0,0,0,0,0,0,0,0,0,0,0,0,0,0,0,0,0,0,0,0,0,0,0,0,0,0,0,0,28,0,0,0,0,0,0,0,0,0,0,2,0,0,0,0,0,0,0,0,0,0,0,0,0,0,0,0,0,0,0,0,0,0,0,90,0,0,0,0,0,0,0,0,0,0,0,0,,
3,Mixed forest,Orleans forest,Charles De Gaulle,20050125_Gaul2,12,Chateau,1.8,47.454589,2.112563,0,0.5,P,5/8/2011,28,0,0.1,100,15,2,,0,0,0,0,0,0,0,0,0,0,0,0,0,0,0,0,0,0,0,0,0,0,0,0,0,2,0,0,0,0,0,0,0,0,0,0,0,0,0,0,0,0,0,0,0,0,0,0,0,0,0,0,0,0,0,0,0,0,0,0,0,0,0,0,0,0,0,0,3,0,0,0,0,0,0,0,0,0,0,0,0,3,0,0,0,0,0,0,0,0,0,0,0,10,0,0,0,0,0,0,5,0,0,0,0,0,0,0,0,2,0,0,0,0,0,0,0,0,0,0,0,0,0,0,0,0,0,0,0,0,7,0,0,0,0,0,0,0,0,0,0,0,0,0,0,0,0,0,0,0,0,0,0,0,0,0,0,,
3,Mixed forest,Orleans forest,Charles De Gaulle,20050125_Gaul2,12,Chateau,1.8,47.454589,2.112563,0,0.5,P,5/8/2011,28,0,0.1,100,10,3,,0,0,0,2,0,0,0,0,7,3,0,0,0,0,0,25,5,8,0,12,0,0,0,2,0,219,0,0,14,0,0,0,0,0,0,0,0,0,0,0,19,0,0,0,0,0,0,0,2,0,0,0,0,0,0,0,18,0,0,0,0,0,0,0,0,0,0,2,0,0,0,0,0,0,0,0,0,0,0,0,0,0,0,5,0,0,293,0,0,0,0,0,0,949,0,0,0,0,0,0,0,0,0,0,0,0,0,0,0,8,0,0,0,0,0,0,0,0,0,0,19,0,0,0,0,0,3,0,0,0,0,0,0,0,0,0,0,0,0,0,0,0,0,0,85,0,0,0,0,0,0,0,0,0,0,0,0,,
3,Mixed forest,Orleans forest,Charles De Gaulle,20050125_Gaul2,12,Chateau,1.8,47.454589,2.112563,0,0.5,P,5/8/2011,28,0,0.1,100,15,4,,0,0,0,0,0,0,8,0,0,0,0,0,0,0,0,4,3,0,0,2,0,0,0,5,0,392,0,0,25,0,0,0,0,0,0,0,0,0,0,0,150,0,0,2,0,0,0,2,0,0,0,0,0,0,0,0,0,0,0,0,0,0,0,0,0,0,0,0,0,0,0,0,0,0,0,0,0,0,0,0,0,0,0,0,0,2,30,0,0,0,0,0,0,0,0,0,0,0,0,0,0,0,0,0,0,0,8,0,0,0,0,0,0,0,0,0,0,0,0,0,0,0,0,0,0,0,0,0,0,0,0,0,2,0,0,0,0,0,0,0,0,0,0,0,57,0,0,0,0,0,0,0,0,0,0,0,0,,
3,Mixed forest,Orleans forest,Charles De Gaulle,20050125_Gaul2,12,Chateau,1.8,47.454589,2.112563,0,0.5,P,5/8/2011,28,0,0.1,100,19,5,,0,0,0,0,0,0,0,0,0,0,0,0,0,0,0,0,0,0,0,0,0,0,0,0,0,0,0,0,0,0,0,0,0,0,0,0,0,0,0,0,0,0,0,0,0,0,0,0,0,0,0,0,0,0,0,0,2,0,0,0,0,0,0,0,0,0,0,0,0,0,0,0,0,0,0,0,0,0,0,0,0,0,0,0,0,0,0,0,0,0,0,0,0,0,0,0,0,0,0,0,0,0,0,0,0,0,0,0,0,46,0,0,0,0,0,0,0,0,0,0,0,0,0,0,0,0,0,0,0,0,0,0,0,0,0,0,0,0,0,0,0,0,0,0,0,0,0,0,0,0,0,0,0,0,0,0,0,,
